date,Close,Return,LogReturn,Gap,Body,UpperShadow,LowerShadow,BETA10,BETA20,BETA30,BETA5,BETA60,CNTD10,CNTD20,CNTD30,CNTD5,CNTD60,CNTN10,CNTN20,CNTN30,CNTN5,CNTN60,CNTP10,CNTP20,CNTP30,CNTP5,CNTP60,CORD10,CORD20,CORD30,CORD5,CORD60,CORR10,CORR20,CORR30,CORR5,CORR60,IMAX10,IMAX20,IMAX30,IMAX5,IMAX60,IMIN10,IMIN20,IMIN30,IMIN5,IMIN60,IMXD10,IMXD20,IMXD30,IMXD5,IMXD60,MA10,MA20,MA30,MA5,MA60,MAX10,MAX20,MAX30,MAX5,MAX60,MIN10,MIN20,MIN30,MIN5,MIN60,QTLD10,QTLD20,QTLD30,QTLD5,QTLD60,QTLU10,QTLU20,QTLU30,QTLU5,QTLU60,RANK10,RANK20,RANK30,RANK5,RANK60,RESI10,RESI20,RESI30,RESI5,RESI60,ROC10,ROC20,ROC30,ROC5,ROC60,RSQR10,RSQR20,RSQR30,RSQR5,RSQR60,RSV10,RSV20,RSV30,RSV5,RSV60,STD10,STD20,STD30,STD5,STD60,SUMD10,SUMD20,SUMD30,SUMD5,SUMD60,SUMN10,SUMN20,SUMN30,SUMN5,SUMN60,SUMP10,SUMP20,SUMP30,SUMP5,SUMP60,VMA10,VMA20,VMA30,VMA5,VMA60,VSTD10,VSTD20,VSTD30,VSTD5,VSTD60,VSUMD10,VSUMD20,VSUMD30,VSUMD5,VSUMD60,VSUMN10,VSUMN20,VSUMN30,VSUMN5,VSUMN60,VSUMP10,VSUMP20,VSUMP30,VSUMP5,VSUMP60,WVMA10,WVMA20,WVMA30,WVMA5,WVMA60
2026-07-13T12:00:00Z,16.3600006104,0.012376285,0.0123003248,-0.0012376521,0.0136308073,0.0105328428,0.0012390676,-0.005786468,-0.0013985149,,0.0114914486,,-0.4,-0.2,,-0.2,,0.7,0.6,,0.6,,0.3,0.4,,0.4,,0,0,,0,,0,0,,0,,0.1,0.3,,0.8,,0.7,0.85,,0.4,,-0.6,-0.55,,0.4,,0.9831295428,1.0007028947,,0.9655256424,,1.0556234605,1.1558679182,,1.0103912023,,0.9290953082,0.9290953082,,0.9290953082,,0.9657701468,0.9682151321,,0.941320235,,1,1.0268947806,,0.9877750149,,0.8,0.7,,1,,0.0429095631,0.0125829968,,0.0114914603,,-0.02444841,0,-0.0042604804,0.023139515,-0.0415933859,0.3030056269,0.0233401475,,0.3950287805,,0.5603866849,0.3126686763,,0.8721804781,,0.0301936198,0.0527850725,,0.0258568377,,-0.1469533021,0,,0.2021862594,,0.5734766511,0.5,,0.3989068703,,0.4265233489,0.5,,0.6010931297,,0,0,,0,,0,0,,0,,0,0,,0,,0,0,,0,,0,0,,0,,0,0,,0,
2026-07-13T15:00:00Z,16.3099994659,-0.0030563046,-0.0030609846,0.0073348978,-0.0103155389,0.0030340501,0.0169902177,-0.0018765171,-0.0019034413,,0.017903128,,-0.6,-0.2,,-0.2,,0.8,0.6,,0.6,,0.2,0.4,,0.4,,0,0,,0,,0,0,,0,,0,0.25,,0.8,,0.6,0.8,,0.2,,-0.6,-0.55,,0.6,,0.9827713262,1.0049969641,,0.9747394528,,1.0588596581,1.1594114327,,1.0134887326,,0.9319436117,0.9319436117,,0.9319436117,,0.9687308834,0.9711833643,,0.9442060161,,1,1.0300429054,,1,,0.8,0.65,,0.8,,0.0256730006,0.0130857285,,-0.0105457087,,-0.0326216563,0.0251413968,-0.0256869959,0.0322784348,-0.0701255066,0.0415776732,0.0436074457,,0.7703092865,,0.5362315502,0.299191279,,0.8345856575,,0.0264331794,0.0525599564,,0.0288477102,,-0.2000002774,0.0422832619,,0.3017744534,,0.6000001387,0.4788583691,,0.3491127733,,0.3999998613,0.5211416309,,0.6508872267,,0,0,,0,,0,0,,0,,0,0,,0,,0,0,,0,,0,0,,0,,0,0,,0,
2026-07-13T18:00:00Z,17,0.0423053683,0.0414349602,-0.0085836538,0.0513296178,0.016079173,0.0006184433,0.0043386833,-0.0020128266,,0.0213529362,,-0.4,-0.1,,0.2,,0.7,0.55,,0.4,,0.3,0.45,,0.6,,0,0,,0,,0,0,,0,,0.9,0.2,,0.8,,0.5,0.75,,0,,0.4,-0.55,,0.8,,0.9440588166,0.9682058783,,0.9540000018,,1.0152941311,1.1123529322,,1.0152941311,,0.8941176358,0.8941176358,,0.8941176358,,0.9294117759,0.9347059025,,0.9505882263,,0.9594117333,0.9917647418,,0.9623529771,,1,0.85,,1,,0.0364171084,0.0509159745,,0.0032941257,,0.0119048079,0.0869564979,0.0500308486,0.1038961312,-0.0274599288,0.2037208315,0.0540315522,,0.8439803767,,0.8737863224,0.4851752486,,0.8737863224,,0.0276100509,0.0499319434,,0.0328705088,,0.0591718047,0.1376517855,,0.8080804091,,0.4704140977,0.4311741072,,0.0959597954,,0.5295859023,0.5688258928,,0.9040402046,,0,0,,0,,0,0,,0,,0,0,,0,,0,0,,0,,0,0,,0,,0,0,,0,
2026-07-14T09:00:00Z,17.3099994659,0.0182352627,0.0180709943,0.0123528873,0.0058105977,0.0081348811,0.00058096,0.0086620112,-0.0018399558,,0.0169843947,,-0.2,-0.1,,0.6,,0.6,0.55,,0.2,,0.4,0.45,,0.8,,0,0,,0,,0,0,,0,,0.9,0.15,,0.8,,0.4,0.7,,0.4,,0.5,-0.55,,0.4,,0.9337955137,0.9551126752,,0.9606008314,,1.0080878857,1.0924321451,,1.0080878857,,0.8781051576,0.8781051576,,0.9260543721,,0.9127672258,0.9237435161,,0.9422299231,,0.9451184931,0.982091307,,0.982091307,,1,0.85,,1,,0.0272254357,0.0623669053,,0.0054303793,,0.0711633434,0.0928029861,0.0383922847,0.1343380869,-0.1235443308,0.5083404043,0.0460705911,,0.8682843353,,0.9377772277,0.5687330553,,0.9014075426,,0.0348954178,0.0494300821,,0.0257771019,,0.3770489138,0.1471470818,,0.9534873405,,0.3114755431,0.4264264591,,0.0232563297,,0.6885244569,0.5735735409,,0.9767436703,,0,0,,0,,0,0,,0,,0,0,,0,,0,0,,0,,0,0,,0,,0,0,,0,
2026-07-14T12:00:00Z,16.8199996948,-0.0283073245,-0.0287157019,0.0051993157,-0.0333333297,0.0091953937,0.01666661,0.0105898444,-0.0022534044,,0.0114149715,,-0.2,-0.2,,0.2,,0.6,0.6,,0.4,,0.4,0.4,,0.6,,0,0,,0,,0,0,,0,,0.9,0.1,,0.8,,0.3,0.65,,0.2,,0.6,-0.55,,0.6,,0.9655767054,0.9857015556,,0.9964328271,,1.0439952309,1.1242568484,,1.0439952309,,0.903686093,0.903686093,,0.9530321628,,0.9393579356,0.9512485309,,0.9726516592,,1,1.0107015641,,1.0107015641,,0.8,0.7,,0.6,,-0.0132310051,0.0357057866,,-0.0192627701,,0.0479751087,0.0585273336,0.0132529704,0.0408415751,-0.1665015143,0.6532801582,0.066956408,,0.5076282258,,0.6864407293,0.4366576466,,0.516339633,,0.0376328249,0.0502156278,,0.0226577587,,0.2244899094,0.0891658111,,0.3793098912,,0.3877550453,0.4554170945,,0.3103450544,,0.6122449547,0.5445829055,,0.6896549456,,0,0,,0,,0,0,,0,,0,0,,0,,0,0,,0,,0,0,,0,,0,0,,0,
2026-07-14T15:00:00Z,16.6000003815,-0.0130796265,-0.0131659181,0.0184304085,-0.0309398018,0,0.0262697481,0.0109017879,-0.0027217133,,0.0024096477,,-0.2,-0.3,,-0.2,,0.6,0.65,,0.6,,0.4,0.35,,0.4,,0,0,,0,,0,0,,0,,0.8,0.05,,0.6,,0.2,0.6,,0,,0.6,-0.55,,0.6,,0.9820481672,1.0002710532,,1.0125300853,,1.0578312688,1.1391565911,,1.0578312688,,0.9156626181,0.9156626181,,0.9656626698,,0.9518072185,0.9638553995,,1,,1.0132529704,1.024096362,,1.024096362,,0.7,0.55,,0.4,,-0.0311062128,0.0255852232,,-0.0173493806,,0.0381488817,0.0310558999,0.040100272,0.0146699121,-0.1460905388,0.6695506386,0.0967814547,,0.0275731143,,0.5932206677,0.3773586409,,0.3725491174,,0.0382677553,0.050447788,,0.0205222814,,0.1699165973,0.0478927266,,0.1363634886,,0.4150417013,0.4760536367,,0.4318182557,,0.5849582987,0.5239463633,,0.5681817443,,0,0,,0,,0,0,,0,,0,0,,0,,0,0,,0,,0,0,,0,,0,0,,0,
2026-07-14T18:00:00Z,16.3999996185,-0.0120482385,-0.0121214068,-0.0210843598,0.0092307458,0.0240000798,0.0018461961,0.0093200288,-0.0035150372,,-0.0116463408,,-0.2,-0.3,,-0.2,,0.6,0.65,,0.6,,0.4,0.35,,0.4,,0,0,,0,,0,0,,0,,0.7,0,,0.4,,0.1,0.55,,0.6,,0.6,-0.55,,-0.2,,0.9976829435,1.0136890385,,1.0259756234,,1.0707316997,1.153048798,,1.0707316997,,0.9268292782,0.9268292782,,0.9847560972,,0.9853658673,0.9786585128,,1.0121951688,,1.0256097613,1.03658539,,1.03658539,,0.6,0.5,,0.2,,-0.0396230732,0.0197038148,,-0.0026829418,,0.0379746469,0.0249999762,0.0288582215,0.0055180966,-0.1611253065,0.5130263313,0.1613725352,,0.7338473737,,0.5084745694,0.32345008,,0.1773049837,,0.0373744148,0.0504557817,,0.0192265614,,0.1666664459,0.0379506315,,0.0471205025,,0.416666777,0.4810246842,,0.4764397487,,0.583333223,0.5189753158,,0.5235602513,,0,0,,0,,0,0,,0,,0,0,,0,,0,0,,0,,0,0,,0,,0,0,,0,
2026-07-15T09:00:00Z,16.3099994659,-0.0054878143,-0.0055029277,-0.0121950525,0.0067900431,0.0074074589,0.0006172981,0.0052654036,-0.0018684055,,-0.0148375239,,-0.2,-0.4,,-0.6,,0.6,0.7,,0.8,,0.4,0.3,,0.2,,0,0,,0,,0,0,,0,,0.6,0,,0.2,,0,0.5,,0.4,,0.6,-0.5,,-0.2,,1.0087676528,1.0121704722,,1.0231759823,,1.0766401006,1.1551196057,,1.0766401006,,0.9319436117,0.9319436117,,0.9901900765,,1,0.984058845,,1.0055180966,,1.0312691751,1.0337217144,,1.0312691751,,0.4,0.45,,0.2,,-0.0324619691,0.00557938,,0.0064990656,,0.0590909006,-0.1245303167,0.0316254923,-0.0405882667,-0.15228692,0.2211414062,0.0649911642,,0.9181040479,,0.470338906,0.3049449319,,0.1134750814,,0.0321605606,0.0422610032,,0.0218993124,,0.2765956213,-0.2899999619,,-0.5267181797,,0.3617021893,0.6449999809,,0.7633590898,,0.6382978107,0.3550000191,,0.2366409102,,0,0,,0,,0,0,,0,,0,0,,0,,0,0,,0,,0,0,,0,,0,0,,0,
2026-07-15T12:00:00Z,16.1499996185,-0.0098099235,-0.0098583578,-0.0036786921,-0.0061538696,0.0135384193,0.0018460787,-0.0006304561,-0.0011564522,0.0001023485,-0.0100928861,,-0.2,-0.4,,-1,,0.6,0.7,,1,,0.4,0.3,,0,,0,0,,0,,0,0,0,0,,0.5,0.05,0.2666666667,0,,0.2,0.45,0.6333333333,0.8,,0.3,-0.4,-0.3666666667,-0.8,,1.0242724587,1.0177709123,1.0174819608,1.0189473774,,1.0873064942,1.1492260003,1.170897851,1.0873064942,,0.9925697254,0.941176481,0.941176481,0.9981424904,,1.0099071115,0.9938080258,0.9851393327,1.0099071115,,1.0414860738,1.0414860738,1.0414860738,1.027863825,,0.1,0.3,0.4,0.2,,-0.0214354061,-0.0067846164,-0.0189660135,0.0012383948,,0.0583223707,-0.0813424523,,-0.0670132804,-0.1535639579,0.0063790753,0.0276800382,0.0003744483,0.9792497236,,0.078430737,0.2827380674,0.256064636,0.0208325055,,0.0226726864,0.0400811496,0.0457798764,0.0144239312,,0.2688818793,-0.2011252015,,-1,,0.3655590604,0.6005626007,,1,,0.6344409396,0.3994373993,,0,,0,0,0,0,,0,0,0,0,,0,0,,0,,0,0,,0,,0,0,,0,,0,0,,0,
2026-07-15T15:00:00Z,16.1200008392,-0.0018575096,-0.0018592369,0.0185759227,-0.0200607847,0,0.014589709,-0.0036393706,0.0003167036,-0.0000876358,-0.0075061974,,-0.4,-0.5,-0.2666666667,-1,,0.7,0.75,0.6333333333,1,,0.3,0.25,0.3666666667,0,,0,0,0,0,,0,0,0,0,,0.4,0,0.2333333333,0,,0.9,0.4,0.6,0.8,,-0.5,-0.4,-0.3666666667,-0.8,,1.0259304625,1.0131202891,1.0190446089,1.0121587553,,1.089329935,1.1513646712,1.1730768525,1.0626549795,,0.9851116183,0.9429279788,0.9429279788,0.9851116183,,1.0117865147,0.9956574691,0.9869726439,1.0018609664,,1.0434242444,1.0421835212,1.0434242444,1.0173696504,,0.1,0.3,0.4,0.2,,-0.0095532948,-0.0161289729,-0.0177738891,0.0028536395,,-0.0024751862,-0.1157432121,-0.009828,-0.0416170552,-0.1205673264,0.2068437129,0.0034367407,0.0002722927,0.9524448329,,0.1428576294,0.2738098583,0.2479787117,0.1920007263,,0.0229843429,0.0311512439,0.0459677302,0.0108771487,,-0.0163930326,-0.325115374,-0.0131362782,-1,,0.5081965163,0.662557687,0.5065681391,1,,0.4918034837,0.337442313,0.4934318609,0,,0,0,0,0,,0,0,0,0,,0,0,0,0,,0,0,0,0,,0,0,0,0,,0,0,0,0,
2026-07-15T18:00:00Z,15.9099998474,-0.0130273561,-0.0131129564,-0.0031018078,-0.0099564313,0.0311138774,0.0168014629,-0.0065862871,0.0003775943,-0.000327482,-0.0073538541,,-0.6,-0.5,-0.3333333333,-1,,0.8,0.75,0.6666666667,1,,0.2,0.25,0.3333333333,0,,0,0,0,0,,0,0,0,0,,0.3,0.65,0.2,0,,0.9,0.35,0.5666666667,0.8,,-0.6,0.3,-0.3666666667,-0.8,,1.0366436202,1.0237900714,1.0315524879,1.0168447538,,1.1037083365,1.1037083365,1.1885606555,1.0553111927,,0.9830295722,0.9553739758,0.9553739758,0.9830295722,,1.0150848381,1.0050282794,1,1.0131993082,,1.0571967226,1.0559396228,1.0571967226,1.0251413968,,0.1,0.2,0.2666666667,0.2,,-0.0070053283,-0.0273772171,-0.0268039986,-0.0021370457,,-0.0275061581,-0.0512820863,-0.0275061581,-0.0415662963,-0.2025063038,0.5281514721,0.0048080429,0.0036471923,0.9594187254,,0.140624806,0.3008475176,0.1913746714,0.2347820606,,0.0260308521,0.0314005369,0.0469350573,0.010617589,,-0.1836737236,-0.1641222013,-0.0365557094,-1,,0.5918368618,0.5820611007,0.5182778547,1,,0.4081631382,0.4179388993,0.4817221453,0,,0,0,0,0,,0,0,0,0,,0,0,0,0,,0,0,0,0,,0,0,0,0,,0,0,0,0,
2026-07-16T09:00:00Z,15.9399995804,0.0018855898,0.0018838143,-0.0056568293,0.0075853279,0.0113780823,0.0031605081,-0.0092315876,0.0006306553,-0.0007350986,-0.0061480525,,-0.4,-0.5,-0.2666666667,-0.6,,0.7,0.75,0.6333333333,0.8,,0.3,0.25,0.3666666667,0.2,,0,0,0,0,,0,0,0,0,,0.2,0.6,0.1666666667,0.6,,0.8,0.3,0.5333333333,0.6,,-0.6,0.3,-0.3666666667,0,,1.0323714106,1.0189774314,1.0296737985,1.009159366,,1.1016311122,1.1016311122,1.1863237356,1.0395232203,,0.9811794702,0.9535759228,0.9535759228,0.9811794702,,1.0112924256,1,0.998117959,1,,1.055207035,1.0414053211,1.055207035,1.0131744068,,0.2,0.25,0.2666666667,0.4,,0.0091707335,-0.0249686567,-0.0190148683,0.003136739,,-0.0226854628,-0.0545670817,0.0018855898,-0.0280487835,-0.1159179715,0.9050478143,0.0141651697,0.0184786935,0.8915703594,,0.156249674,0.3135592707,0.1994608527,0.3225800497,,0.0278719662,0.0305546265,0.0468057499,0.0092082002,,-0.152263368,-0.1776063333,0.0025231066,-0.8846163016,,0.576131684,0.5888031666,0.4987384467,0.9423081508,,0.423868316,0.4111968334,0.5012615533,0.0576918492,,0,0,0,0,,0,0,0,0,,0,0,0,0,,0,0,0,0,,0,0,0,0,,0,0,0,0,
2026-07-16T12:00:00Z,16.3099994659,0.0232120386,0.0229467369,-0.005646123,0.0290220236,0.0088328892,0.0012618585,-0.0072868477,0.0012151777,-0.0010860223,0.0008583595,,-0.4,-0.4,-0.2,-0.2,,0.7,0.7,0.6,0.6,,0.3,0.3,0.4,0.4,,0,0,0,0,,0,0,0,0,,0.1,0.55,0.1333333333,0.4,,0.7,0.25,0.5,0.4,,-0.6,0.3,-0.3666666667,0,,1.0047210505,0.9943593115,1.0076844732,0.9862661188,,1.0766401006,1.0766401006,1.1594114327,1.015941155,,0.9589209599,0.9319436117,0.9319436117,0.9589209599,,0.9883507889,0.9773145372,0.9773145372,0.9773145372,,1.0177805595,1.0055180966,1.0312691751,0.9901900765,,0.6,0.7,0.6,1,,0.0280697643,-0.0059034998,0.0080628496,0.0120171622,,-0.0405882667,-0.0291666544,0.0428388176,0,-0.0852496054,0.705559928,0.0590208769,0.0438057279,0.0181949239,,0.3489580358,0.470338906,0.299191279,0.7204296665,,0.0249172274,0.0288424928,0.0449120108,0.0089993079,,-0.3270146721,-0.0892531496,0.0558798323,0,,0.6635073361,0.5446265748,0.4720600839,0.5,,0.3364926639,0.4553734252,0.5279399161,0.5,,0,0,0,0,,0,0,0,0,,0,0,0,0,,0,0,0,0,,0,0,0,0,,0,0,0,0,
2026-07-16T15:00:00Z,16.0100002289,-0.0183935774,-0.0185648426,-0.0049049618,-0.0135551029,0.0191005165,0.014787417,-0.0048643837,0.000995149,-0.0015342193,0.0011242873,,-0.6,-0.4,-0.2666666667,-0.2,,0.8,0.7,0.6333333333,0.6,,0.2,0.3,0.3666666667,0.4,,0,0,0,0,,0,0,0,0,,0,0.5,0.1,0.2,,0.6,0.2,0.4666666667,0.2,,-0.6,0.3,-0.3666666667,0,,1.0154278352,1.0125233996,1.026920653,1.0029981114,,1.0968144419,1.0968144419,1.1811367631,1.0349781048,,0.9768894516,0.9494065954,0.9494065954,0.9768894516,,1,0.9956276922,0.9987507522,0.9956276922,,1.0243597367,1.0243597367,1.0505933451,1.0068707438,,0.3,0.35,0.3,0.6,,0.0064618915,-0.021977315,-0.0046744729,-0.0052466859,,-0.0751010559,-0.0092821547,0.0107323279,-0.0086686931,-0.1551451407,0.6474700029,0.0378084468,0.0851600818,0.0307161892,,0.1927083618,0.3432205667,0.2183289518,0.3978496167,,0.017363808,0.0295113796,0.0455049492,0.0090721168,,-0.6190477055,-0.0291261417,0.014061216,-0.1489357385,,0.8095238528,0.5145630708,0.492969392,0.5744678692,,0.1904761472,0.4854369292,0.507030608,0.4255321308,,0,0,0,0,,0,0,0,0,,0,0,0,0,,0,0,0,0,,0,0,0,0,,0,0,0,0,
2026-07-16T18:00:00Z,16.6900005341,0.0424734725,0.0415962284,-0.0037476839,0.0463950303,0.0031347484,0.0050156693,-0.0010022316,0.001213189,-0.0016031391,0.0097663389,,-0.4,-0.3,-0.2666666667,0.2,,0.7,0.65,0.6333333333,0.4,,0.3,0.35,0.3666666667,0.6,,0,0,0,0,,0,0,0,0,,0,0.45,0.0666666667,0.8,,0.5,0.15,0.4333333333,0,,-0.5,0.3,-0.3666666667,0.8,,0.973277378,0.9731875017,0.9866786121,0.968963416,,1.0263630085,1.0521269565,1.1330137353,1.0029957601,,0.9370880673,0.9107249445,0.9107249445,0.9370880673,,0.9592570232,0.9550628562,0.9586578483,0.9550628562,,0.9826242716,0.9946075405,1.0077890447,0.9772318121,,1,0.85,0.7,1,,0.031232664,0.0152872029,0.0365669051,0.0115039061,,-0.0077288444,0.0398754721,0.0503461406,0.0353597807,-0.1164636806,0.0359758413,0.0586529917,0.1027460067,0.6092696057,,0.7046986739,0.6313563312,0.4016174419,0.9545461245,,0.015177127,0.0288854541,0.0432890403,0.0176946523,,-0.0567682171,0.1118883521,0.0628931049,0.3584903397,,0.5283841085,0.444055824,0.4685534476,0.3207548301,,0.4716158915,0.555944176,0.5314465524,0.6792451698,,0,0,0,0,,0,0,0,0,,0,0,0,0,,0,0,0,0,,0,0,0,0,,0,0,0,0,
2026-07-17T09:00:00Z,18.3099994659,0.0970640431,0.0926375598,0.0790892542,0.01665737,0.0210994483,0.0072182713,0.0065372475,0.002501201,-0.0009506283,0.0279628672,,-0.2,-0.2,-0.2666666667,0.6,,0.6,0.6,0.6333333333,0.2,,0.4,0.4,0.3666666667,0.8,,0,0,0,0,,0,0,0,0,,0.9,0.95,0.0333333333,0.8,,0.4,0.1,0.4,0,,0.5,0.85,-0.3666666667,0.8,,0.8965046611,0.8934189178,0.9034043518,0.9094484075,,1.0207537455,1.0207537455,1.0327690005,1.0207537455,,0.8541780884,0.8301474742,0.8301474742,0.8612780403,,0.8743856197,0.8705625366,0.8738394575,0.8743856197,,0.8956854231,0.9115238133,0.9208083617,0.9115238133,,1,1,0.9666666667,1,,0.074077725,0.0828196731,0.1103797579,0.0346258581,,0.1030119907,0.1450906647,0.1372670206,0.1508485004,-0.0940128503,0.263203741,0.1623677092,0.0363039861,0.6923162394,,0.8754094937,0.8911171951,0.8382748315,0.8698626513,,0.0365995608,0.0357927097,0.0431839917,0.0475274418,,0.4634145585,0.3186813302,0.1564047781,0.8000003815,,0.2682927207,0.3406593349,0.421797611,0.0999998093,,0.7317072793,0.6593406651,0.578202389,0.9000001907,,0,0,0,0,,0,0,0,0,,0,0,0,0,,0,0,0,0,,0,0,0,0,,0,0,0,0,
2026-07-17T12:00:00Z,18.6599998474,0.019115259,0.0189348577,-0.0043691931,0.0235875105,0,0.0126165413,0.0129234474,0.003743684,-0.0004003493,0.0375133979,,0,-0.1,-0.2,0.6,,0.5,0.55,0.6,0.2,,0.5,0.45,0.4,0.8,,0,0,0,0,,0,0,0,0,,0.8,0.9,0,0.6,,0.3,0.05,0.3666666667,0.2,,0.5,0.85,-0.3666666667,0.4,,0.8918006445,0.8843247602,0.8912111466,0.921543411,,1.0016077539,1.0016077539,1.0133976421,1.0016077539,,0.8381565097,0.814576631,0.814576631,0.8451232897,,0.8579850139,0.8579850139,0.8579850139,0.8740621436,,0.8944266169,0.9013933458,0.9110396645,0.9812432806,,1,1,1,1,,0.0500438423,0.0801102422,0.1145939184,0.0034297931,,0.1378048952,0.1810126343,0.1662499905,0.1706399209,-0.0734855803,0.5319034605,0.2464834069,0.0055216566,0.8402038249,,0.9901637099,0.9914038165,0.9326145559,0.9897257925,,0.0508966204,0.0434811637,0.0466330276,0.0578774082,,0.5885419952,0.3844085777,0.1849791624,0.8192774995,,0.2057290024,0.3077957112,0.4075104188,0.0903612502,,0.7942709976,0.6922042888,0.5924895812,0.9096387498,,0,0,0,0,,0,0,0,0,,0,0,0,0,,0,0,0,0,,0,0,0,0,,0,0,0,0,
2026-07-17T15:00:00Z,17.7099990845,-0.050911081,-0.0522527871,-0.0133976421,-0.0380228554,0.0592069615,0.0005430919,0.0156631221,0.0039372846,0.0007504415,0.0303218368,,0,-0.1,-0.2666666667,0.2,,0.5,0.55,0.6333333333,0.4,,0.5,0.45,0.3666666667,0.6,,0,0,0,0,,0,0,0,0,,0.9,0.95,0.9666666667,0.8,,0.2,0,0.3333333333,0,,0.7,0.95,0.6333333333,0.8,,0.9475438012,0.9382834965,0.9372859429,0.9867871675,,1.1010728971,1.1010728971,1.1010728971,1.1010728971,,0.8831169482,0.8582721962,0.8582721962,0.8904574406,,0.9040090941,0.910220309,0.9040090941,0.9424054995,,1,0.9599097052,0.9599097052,1.0338791876,,0.8,0.9,0.9,0.6,,-0.0180278508,0.0243122998,0.051832656,-0.0474308411,,0.0858368893,0.149999969,-0.0493827224,0.0858368893,-0.0569755891,0.6440196631,0.2459489632,0.0199948618,0.5862204368,,0.5362691516,0.5837207358,0.5837207358,0.5201069343,,0.0560603423,0.045779404,0.0459353293,0.0560067055,,0.2978723318,0.2891113307,-0.0724409574,0.3589742963,,0.3510638341,0.3554443347,0.5362204787,0.3205128519,,0.6489361659,0.6445556653,0.4637795213,0.6794871481,,0,0,0,0,,0,0,0,0,,0,0,0,0,,0,0,0,0,,0,0,0,0,,0,0,0,0,
2026-07-17T18:00:00Z,18.3199996948,0.0344438533,0.0338639425,0.0169396477,0.0172126298,0.0283176137,0.0183231493,0.0174275463,0.0039646052,0.0017005792,0.0145196397,,0.2,0,-0.2,0.6,,0.4,0.5,0.6,0.2,,0.6,0.5,0.4,0.8,,0,0,0,0,,0,0,0,0,,0.8,0.9,0.9333333333,0.6,,0.1,0.55,0.3,0,,0.7,0.35,0.6333333333,0.6,,0.9278384357,0.9153930195,0.9074235877,0.9791484729,,1.0644104981,1.0644104981,1.0644104981,1.0644104981,,0.8537118234,0.8537118234,0.8296943266,0.8662663837,,0.873908324,0.8815502122,0.873908324,0.9667030229,,0.999454136,0.9448689822,0.9279476137,1,,0.9,0.95,0.9666666667,0.8,,-0.0062623939,0.0469432313,0.0679180138,-0.0081877522,,0.134365333,0.2005242084,0.042093275,0.1442847866,-0.0423418453,0.7405096583,0.2553763607,0.0999062946,0.2929755626,,0.6943004119,0.6943004119,0.7255813365,0.6749310557,,0.0581698381,0.045238211,0.0465682225,0.0379363146,,0.4213592693,0.3617020221,0.0603588709,0.5486933306,,0.2893203653,0.3191489889,0.4698205645,0.2256533347,,0.7106796347,0.6808510111,0.5301794355,0.7743466653,,0,0,0,0,,0,0,0,0,,0,0,0,0,,0,0,0,0,,0,0,0,0,,0,0,0,0,
2026-07-20T09:00:00Z,18.3400001526,0.0010917281,0.0010911326,0.031659385,-0.029629602,0.0021164506,0.0079364879,0.0182082545,0.0046580459,0.0029062944,-0.0015267109,,0.4,0,-0.2,0.6,,0.3,0.5,0.6,0.2,,0.7,0.5,0.4,0.8,,0,0,0,0,,0,0,0,0,,0.7,0.85,0.9,0.4,,0,0.5,0.2666666667,0.6,,0.7,0.35,0.6333333333,-0.2,,0.9389312785,0.9203380432,0.9066339367,0.9960741274,,1.0632497185,1.0632497185,1.0632497185,1.0632497185,,0.8527808186,0.8527808186,0.8287895138,0.9640130948,,0.8729552942,0.8805888486,0.8729552942,0.9983641938,,0.9989094625,0.965648797,0.926935652,1,,0.9,0.95,0.9666666667,0.8,,-0.0208684237,0.0354105206,0.0512247942,0.0069792943,,0.1377170718,0.1349010103,0.0060340435,0.0988615677,-0.005423014,0.7735148797,0.3112584126,0.287624525,0.0165162165,,0.6994818781,0.6994818781,0.7302326056,0.3626373396,,0.0594649357,0.048143653,0.0469046472,0.0168002799,,0.4319063722,0.2875989154,0.0094583491,0.4647884751,,0.2840468139,0.3562005423,0.4952708254,0.2676057624,,0.7159531861,0.6437994577,0.5047291746,0.7323942376,,0,0,0,0,,0,0,0,0,,0,0,0,0,,0,0,0,0,,0,0,0,0,,0,0,0,0,
2026-07-20T12:00:00Z,18.1399993896,-0.0109051669,-0.0109650641,0.0059978522,-0.0168022418,0.0010839322,0.0200541418,0.0163609629,0.0052507233,0.003530322,-0.0022601977,,0.4,-0.1,-0.2,0.2,,0.3,0.55,0.6,0.4,,0.7,0.45,0.4,0.6,,0,0,0,0,,0,0,0,0,,0.6,0.8,0.8666666667,0.2,,0,0.45,0.2333333333,0.4,,0.6,0.35,0.6333333333,-0.2,,0.9615766445,0.9353914202,0.9191473941,1.005181932,,1.0749724728,1.0749724728,1.0749724728,1.0749724728,,0.8693495583,0.8621830689,0.8379272503,0.9746417255,,0.8991179721,0.8902976936,0.8825799762,1,,1.0099228396,1,0.9542447656,1.0110254008,,0.6,0.8,0.8666666667,0.4,,-0.0352009776,0.0147267087,0.0296629364,-0.0006615367,,0.1401633918,0.1088018773,0.0816934344,-0.0092845484,-0.0060274307,0.6903184785,0.3600829375,0.3776914952,0.0347657912,,0.6353885316,0.6476682043,0.6837208023,0.2527467921,,0.0565602194,0.0504561006,0.0497204377,0.0171429424,,0.434697676,0.2348282783,0.1321117231,-0.0798121309,,0.282651162,0.3825858609,0.4339441384,0.5399060654,,0.717348838,0.6174141391,0.5660558616,0.4600939346,,0,0,0,0,,0,0,0,0,,0,0,0,0,,0,0,0,0,,0,0,0,0,,0,0,0,0,
2026-07-20T15:00:00Z,17.7000007629,-0.0242557134,-0.0245547284,-0.0016537365,-0.0226394165,0.0198784479,0.0044174446,0.0118986483,0.0053850729,0.0040650316,-0.0011299262,,0.2,-0.1,-0.2666666667,-0.2,,0.4,0.55,0.6333333333,0.6,,0.6,0.45,0.3666666667,0.4,,0,0,0,0,,0,0,0,0,,0.5,0.75,0.8333333333,0,,0.1,0.4,0.2,0.8,,0.4,0.35,0.6333333333,-0.8,,0.9954236781,0.9625705719,0.9435781047,1.0193219796,,1.1016948678,1.1016948678,1.1016948678,1.1016948678,,0.8909604394,0.8836158005,0.8587570144,0.9954802305,,0.9429378426,0.9124293176,0.904519748,1.0005648769,,1.0350281867,1.0248586784,1,1.0350281867,,0.4,0.7,0.8,0.2,,-0.0489675954,-0.0137287647,-0.0025210635,-0.0170621272,,0.1104141298,0.0852238714,0.0498220713,-0.0514468967,-0.0095131544,0.4560370264,0.3604602393,0.4580800517,0.0099282145,,0.5174264188,0.5336789127,0.5813955448,0.0425531699,,0.0506086263,0.0517200255,0.0519855285,0.0160372355,,0.3176897463,0.1744041928,0.0783582143,-0.4324317823,,0.3411551268,0.4127979036,0.4608208929,0.7162158911,,0.6588448732,0.5872020964,0.5391791071,0.2837841089,,0,0,0,0,,0,0,0,0,,0,0,0,0,,0,0,0,0,,0,0,0,0,,0,0,0,0,
2026-07-20T18:00:00Z,18.3899993896,0.0389829716,0.0382423227,0.0112993699,0.0273742895,0.0033520321,0.0273742895,0.0089936876,0.0062014746,0.0045419327,-0.002718869,,0.2,-0.1,-0.2,0.2,,0.4,0.55,0.6,0.4,,0.6,0.45,0.4,0.6,,0,0,0,0,,0,0,0,0,,0.4,0.7,0.8,0.2,,0,0.35,0.1666666667,0.8,,0.4,0.35,0.6333333333,-0.6,,0.9693855599,0.9302338442,0.9110567555,0.9884720218,,1.0603589259,1.0603589259,1.0603589259,1.0299076217,,0.8575313203,0.8504622546,0.826536178,0.9467101917,,0.9624796819,0.8781946794,0.8705818793,0.9864056548,,0.9972811724,0.9956498137,0.9630233645,0.9972811724,,0.9,0.95,0.9666666667,1,,-0.0098571543,0.0108521473,0.0230852204,0.0169657163,,0.1275291227,0.08176467,0.0946428705,0.0383964054,0.0442929445,0.3486801525,0.4677251758,0.55686501,0.0778139821,,0.7024126685,0.7124350495,0.7418603346,0.6405222892,,0.0437472906,0.052287204,0.0526811142,0.0137839747,,0.354948871,0.1744039952,0.140088138,0.3469390933,,0.3225255645,0.4127980024,0.429955931,0.3265304534,,0.6774744355,0.5872019976,0.570044069,0.6734695466,,0,0,0,0,,0,0,0,0,,0,0,0,0,,0,0,0,0,,0,0,0,0,,0,0,0,0,
2026-07-21T09:00:00Z,17.5799999237,-0.0440456494,-0.0450451175,-0.0494834082,0.0057208458,0.0045766548,0.0034324638,0.0017513014,0.0070538974,0.0048210564,-0.007224121,,0.2,-0.2,-0.2,-0.2,,0.4,0.6,0.6,0.6,,0.6,0.4,0.4,0.4,,0,0,0,0,,0,0,0,0,,0.3,0.65,0.7666666667,0,,0,0.3,0.1333333333,0.6,,0.3,0.35,0.6333333333,-0.6,,1.0229806543,0.9738623392,0.9557261995,1.0255972697,,1.1092150219,1.1092150219,1.1092150219,1.0773606721,,0.9027303728,0.8896473499,0.864618878,0.990329916,,1.0068259863,0.9186575477,0.9106939874,1.0068259863,,1.0432309575,1.0415244338,1.0073947191,1.0432309575,,0.2,0.6,0.7333333333,0.2,,-0.0308615106,-0.0408743644,-0.0256315173,-0.0111490278,,0.0980636897,0.0155979472,0.0878712927,-0.0403930013,-0.0005685178,0.0261942218,0.5477124411,0.5680884241,0.2936824193,,0.4710743758,0.5025906096,0.5534883742,0.1111111111,,0.0310802939,0.0549602449,0.0553634907,0.0188521563,,0.2464678113,0.0318772775,0.123263911,-0.3425928134,,0.3767660943,0.4840613612,0.4383680445,0.6712964067,,0.6232339057,0.5159386388,0.5616319555,0.3287035933,,0,0,0,0,,0,0,0,0,,0,0,0,0,,0,0,0,0,,0,0,0,0,,0,0,0,0,
2026-07-21T12:00:00Z,17.8099994659,0.0130830229,0.0129981794,-0.0011376825,0.0142369025,0.0091116089,0.0039863153,-0.0036479322,0.0072494539,0.0048329947,-0.004379566,,0.2,-0.1,-0.1333333333,-0.2,,0.4,0.55,0.5666666667,0.6,,0.6,0.45,0.4333333333,0.4,,0,0,0,0,,0,0,0,0,,0.2,0.6,0.7333333333,0.2,,0.7,0.25,0.1,0.4,,-0.5,0.35,0.6333333333,-0.2,,1.0160584088,0.9640651518,0.9466779166,1.0064009166,,1.0948905438,1.0948905438,1.0948905438,1.0370578252,,0.9775407282,0.8781583836,0.8534531311,0.9775407282,,0.9943851553,0.9067939418,0.8989332234,0.9938237672,,1.0297586021,1.0280741165,1,1.0185289126,,0.4,0.7,0.8,0.6,,0.0003572859,-0.0329349641,-0.0167563395,0.0023582155,,0.0671059854,0.0588584892,0.1096573403,-0.0288986195,0.0096371929,0.2864171229,0.5832390169,0.5788435376,0.1366214043,,0.1913873633,0.5621759885,0.6069766374,0.3773583208,,0.0195782666,0.0547366022,0.0549825586,0.0167566309,,0.1891890673,0.1205846664,0.1512028015,-0.2236292625,,0.4054054664,0.4397076668,0.4243985992,0.6118146312,,0.5945945336,0.5602923332,0.5756014008,0.3881853688,,0,0,0,0,,0,0,0,0,,0,0,0,0,,0,0,0,0,,0,0,0,0,,0,0,0,0,
2026-07-21T15:00:00Z,17.2600002289,-0.0308814853,-0.0313683684,0.0039303592,-0.0346755571,0.0061521597,0.0083892408,-0.0055795475,0.0070335167,0.0047886344,-0.0084588701,,0,-0.1,-0.1333333333,-0.2,,0.5,0.55,0.5666666667,0.6,,0.5,0.45,0.4333333333,0.4,,0,0,0,0,,0,0,0,0,,0.1,0.55,0.7,0,,0.9,0.2,0.0666666667,0.8,,-0.8,0.35,0.6333333333,-0.8,,1.0423522338,0.9966975436,0.9792970054,1.0282734484,,1.1297798228,1.1297798228,1.1297798228,1.0701042334,,0.9913094081,0.9061413752,0.8806488765,0.9913094081,,1.0254924987,0.9356894209,0.9339513688,1.0185399589,,1.0625724165,1.0608342539,1.0318655405,1.0318655405,,0.1,0.5,0.6333333333,0.2,,-0.0172442698,-0.0635159518,-0.0487322038,-0.0113557082,,-0.0573456727,0.039759026,0.0794246702,-0.048511532,0.0273810127,0.4350552913,0.5249776321,0.5460777803,0.3113288523,,0.0627613627,0.4196891269,0.4790698438,0.1102939423,,0.0242970602,0.0559754953,0.0560884771,0.0214396488,,-0.2164947562,0.0772833807,0.1046991546,-0.3235296386,,0.6082473781,0.4613583096,0.4476504227,0.6617648193,,0.3917526219,0.5386416904,0.5523495773,0.3382351807,,0,0,0,0,,0,0,0,0,,0,0,0,0,,0,0,0,0,,0,0,0,0,,0,0,0,0,
2026-07-21T18:00:00Z,17,-0.0150637442,-0.0151783549,-0.0086905919,-0.0064290243,0.0087667804,0,-0.0062210307,0.0062246795,0.0044514819,-0.0182352851,,-0.2,-0.1,-0.1333333333,-0.2,,0.6,0.55,0.5666666667,0.6,,0.4,0.45,0.4333333333,0.4,,0,0,0,0,,0,0,0,0,,0,0.5,0.6666666667,0,,0.9,0.15,0.0333333333,0.8,,-0.9,0.35,0.6333333333,-0.8,,1.0485294005,1.0137058735,0.996627443,1.0357646942,,1.1470588235,1.1470588235,1.1470588235,1.0852941625,,1,0.9200000202,0.8941176358,1,,1.0341176426,0.9499999776,0.9499999776,1.0152941311,,1.0776470409,1.0770587921,1.0476470274,1.0476470274,,0.1,0.45,0.6,0.2,,-0.0205347622,-0.0728403284,-0.0611739309,0.0007058761,,-0.0889603355,0.03658539,0.0759493541,-0.039548064,0.0296789682,0.4573313325,0.412622477,0.4791576524,0.8401232362,,0,0.3523315486,0.418604677,0,,0.0264224962,0.055877424,0.0556614637,0.028135592,,-0.3487395867,0.0697675141,0.098360657,-0.2755911661,,0.6743697934,0.465116243,0.4508196715,0.6377955831,,0.3256302066,0.534883757,0.5491803285,0.3622044169,,0,0,0,0,,0,0,0,0,,0,0,0,0,,0,0,0,0,,0,0,0,0,,0,0,0,0,
2026-07-22T09:00:00Z,17.4699993134,0.0276470184,0.0272717408,0.0247058868,0.0028702203,0.0097589022,0.00574055,-0.0076009105,0.0054168043,0.0039174734,-0.0058958256,,0,0,-0.0666666667,-0.2,,0.5,0.5,0.5333333333,0.6,,0.5,0.5,0.4666666667,0.4,,0,0,0,0,,0,0,0,0,,0.1,0.45,0.6333333333,0.4,,0.8,0.1,0,0.6,,-0.7,0.35,0.6333333333,-0.2,,1.0189467963,0.9897538936,0.9737645787,0.9973669417,,1.0841443205,1.1161992425,1.1161992425,1.0297653393,,0.9730967755,0.8952490531,0.8700629884,0.9730967755,,1,0.9244419149,0.9250143379,0.9879794452,,1.0486548606,1.0480824376,1.0194619442,1.0062965435,,0.3,0.5,0.6666666667,0.6,,0.0152573009,-0.0412135344,-0.0305679429,0.0144247095,,-0.0135516535,0.071122004,0.1344155679,-0.0500271945,0.0361802302,0.6846610685,0.3465573634,0.4276276836,0.2776360853,,0.2422676206,0.4740930396,0.527906838,0.4747468909,,0.0263848589,0.0530580646,0.0518516251,0.0158241965,,-0.0560747539,0.129175991,0.1687041778,-0.3965521352,,0.5280373769,0.4354120045,0.4156479111,0.6982760676,,0.4719626231,0.5645879955,0.5843520889,0.3017239324,,0,0,0,0,,0,0,0,0,,0,0,0,0,,0,0,0,0,,0,0,0,0,,0,0,0,0,
2026-07-22T12:00:00Z,17.4300003052,-0.0022895827,-0.0022922078,-0.0051516975,0.002876936,0.0184119511,0.0046029878,-0.0067942769,0.0045095521,0.003388223,-0.0031554746,,-0.2,0,-0.0666666667,-0.2,,0.6,0.5,0.5333333333,0.6,,0.4,0.5,0.4666666667,0.4,,0,0,0,0,,0,0,0,0,,0,0.4,0.6,0.2,,0.7,0.05,0.3666666667,0.4,,-0.7,0.35,0.2333333333,-0.2,,1.0161789778,0.9956970495,0.9801491427,0.9979345702,,1.0866322549,1.1187607377,1.1187607377,1.0321284829,,0.9753298739,0.8973035037,0.8973035037,0.9753298739,,1,0.9357429249,0.9357429249,0.9902466969,,1.0407343128,1.0504876159,1.0218014432,1.0022948369,,0.3,0.45,0.6333333333,0.6,,0.0143952681,-0.0385377948,-0.0292783763,0.0083763791,,-0.0485807535,0.0792570103,0.1422018377,-0.0085324015,0.0338078099,0.6045720193,0.2597144688,0.3634615627,0.0856163433,,0.2216495808,0.4637306013,0.4637306013,0.434343843,,0.0250984091,0.0510247828,0.0486443008,0.0152511065,,-0.2398923246,0.1444696868,0.1783073741,-0.0967741142,,0.6199461623,0.4277651566,0.4108463129,0.5483870571,,0.3800538377,0.5722348434,0.5891536871,0.4516129429,,0,0,0,0,,0,0,0,0,,0,0,0,0,,0,0,0,0,,0,0,0,0,,0,0,0,0,
2026-07-22T15:00:00Z,16.7600002289,-0.0384394759,-0.0391977683,0.0126218766,-0.0504248957,0,0,-0.0076661585,0.0030191835,0.0030187347,-0.0034009528,,-0.4,0,-0.1333333333,-0.6,,0.7,0.5,0.5666666667,0.8,,0.3,0.5,0.4333333333,0.2,,0,0,0,0,,0,0,0,0,,0.1,0.35,0.5666666667,0,,0.9,0,0.3333333333,0.8,,-0.8,0.35,0.2333333333,-0.8,,1.0473746814,1.0374104778,1.0205250379,1.0252983163,,1.1020285836,1.163484471,1.163484471,1.0733889932,,1,0.9331742321,0.9331742321,1,,1.0298329352,0.9958234073,0.9731503128,1.0143197952,,1.0626491183,1.0924820535,1.0626491183,1.0399761377,,0.1,0.3,0.4333333333,0.2,,-0.0128769681,-0.0660927206,-0.0642966908,-0.0184964107,,-0.0861504859,0.0397021933,0.0371287368,-0.0589556018,0.0422885764,0.6258801145,0.1164059346,0.2765126397,0.0898208595,,0,0.2901554366,0.2901554366,0,,0.027832947,0.0510267334,0.04968859,0.0160482247,,-0.3623857285,0.0673683839,0.050251302,-0.527638374,,0.6811928642,0.4663158081,0.474874349,0.763819187,,0.3188071358,0.5336841919,0.525125651,0.236180813,,0,0,0,0,,0,0,0,0,,0,0,0,0,,0,0,0,0,,0,0,0,0,,0,0,0,0,
2026-07-22T18:00:00Z,16.8500003815,0.0053699374,0.0053555707,0.0041765927,0.0011883813,0.0101010147,0.006535984,-0.0075856473,0.0011637413,0.0026008461,-0.0059940552,,-0.2,0.1,-0.1333333333,-0.2,,0.6,0.45,0.5666666667,0.6,,0.4,0.55,0.4333333333,0.4,,0,0,0,0,,0,0,0,0,,0,0.3,0.5333333333,0.4,,0.9,0,0.3,0.8,,-0.9,0.3,0.2333333333,-0.4,,1.0341246057,1.0346587227,1.01604349,1.0149554694,,1.0961423677,1.1572700035,1.1572700035,1.0534124391,,0.9922848033,0.9359050505,0.9281899103,0.9922848033,,1.0089020543,0.9946587448,0.9679524686,1,,1.0504451254,1.086646828,1.0569732381,1.0344213597,,0.2,0.3,0.4666666667,0.4,,0.0000108071,-0.0457142653,-0.0537557589,-0.002967359,,-0.0711135089,0.0590823723,0.0299510851,-0.0237543362,0.0255629987,0.6234676551,0.020149456,0.2125430399,0.2351106636,,0.0742863246,0.289544251,0.3134715404,0.1262145451,,0.0275938726,0.0472738117,0.0488292932,0.0174823404,,-0.3035295871,0.1002133263,0.0414201126,-0.2679739703,,0.6517647935,0.4498933369,0.4792899437,0.6339869851,,0.3482352065,0.5501066631,0.5207100563,0.3660130149,,0,0,0,0,,0,0,0,0,,0,0,0,0,,0,0,0,0,,0,0,0,0,,0,0,0,0,
2026-07-23T09:00:00Z,17.6900005341,0.04985164,0.0486488589,0.0486646692,0.0011318878,0.0141482738,0.019807605,-0.0053719728,-0.000018275,0.0023691929,-0.0007913933,,0,0.1,-0.0666666667,0.2,,0.5,0.45,0.5333333333,0.4,,0.5,0.55,0.4666666667,0.6,,0,0,0,0,,0,0,0,0,,0,0.25,0.5,0.8,,0.8,0.05,0.2666666667,0.6,,-0.8,0.2,0.2333333333,0.2,,0.984963225,0.9904748101,0.970397553,0.9745618786,,1.0429621371,1.1023176603,1.1023176603,1.0141322777,,0.9451666935,0.891464103,0.8841153121,0.9451666935,,0.9609948834,0.9525155383,0.9219897667,0.9525155383,,1,1.0350479883,1.0067834329,0.9875635266,,0.8,0.55,0.7,1,,0.0392106523,0.009698802,-0.0047508494,0.0270209081,,-0.0005649847,0.1097867628,0.0846107366,0.0405882667,0.056750345,0.3454938399,0.0000067017,0.1982519709,0.0029079083,,0.5606938774,0.5147453919,0.5310881796,0.7950821722,,0.0262506838,0.0407061615,0.0460554342,0.0207547269,,-0.0021505888,0.171737162,0.1093503647,0.3270146721,,0.5010752944,0.414131419,0.4453248177,0.3364926639,,0.4989247056,0.585868581,0.5546751823,0.6635073361,,0,0,0,0,,0,0,0,0,,0,0,0,0,,0,0,0,0,,0,0,0,0,,0,0,0,0,
2026-07-23T12:00:00Z,18.9599990845,0.0717918888,0.0693319102,-0.0045223246,0.0766608988,0.0079501018,0.0056786132,0.0028033508,0.0000578982,0.0027603343,0.0210442935,,0,0.1,-0.0666666667,0.2,,0.5,0.45,0.5333333333,0.4,,0.5,0.55,0.4666666667,0.6,,0,0,0,0,,0,0,0,0,,0.9,0.2,0.4666666667,0.8,,0.7,0,0.2333333333,0.4,,0.2,0.2,0.2333333333,0.4,,0.9219937126,0.9311181832,0.9088432155,0.9250000503,,1.007384035,1.0284810623,1.0284810623,1.007384035,,0.8818565465,0.8317511192,0.8248945727,0.8818565465,,0.8966245159,0.8966245159,0.8602320809,0.8887131432,,0.9330169509,0.9662447563,0.9567510689,0.9330169509,,1,1,1,1,,0.0653912086,0.0683317841,0.0511319378,0.0329113626,,0.0309950905,0.1624769899,0.1152940638,0.0852890572,0.1710931723,0.0656517913,0.0000754501,0.2679486257,0.5077404467,,0.941175952,0.8552276188,0.8601033773,0.941175952,,0.0314254234,0.0384353521,0.0461556776,0.0417665371,,0.1089866464,0.2389540982,0.1484848564,0.5120277752,,0.4455066768,0.3805229509,0.4257575718,0.2439861124,,0.5544933232,0.6194770491,0.5742424282,0.7560138876,,0,0,0,0,,0,0,0,0,,0,0,0,0,,0,0,0,0,,0,0,0,0,,0,0,0,0,
2026-07-23T15:00:00Z,19.5699996948,0.0321730295,0.0316663173,-0.0210970273,0.0544181173,0.0398706785,0.0026939245,0.0088756756,0.0001283232,0.0034727738,0.0394992221,,0.2,0.2,-0.0666666667,0.6,,0.4,0.4,0.5333333333,0.2,,0.6,0.6,0.4666666667,0.8,,0,0,0,0,,0,0,0,0,,0.9,0.95,0.9666666667,0.8,,0.6,0,0.2,0.2,,0.3,0.95,0.7666666667,0.6,,0.9034236178,0.9111906056,0.8843638295,0.9180378265,,1.0378129679,1.0378129679,1.0378129679,1.0378129679,,0.8543689103,0.8109351116,0.7991824521,0.8543689103,,0.8686765593,0.8819622125,0.8334184834,0.8610117856,,0.9100664151,0.9371487194,0.9356157257,0.9688298099,,1,1,1,1,,0.0566358421,0.0875903237,0.0652809502,0.0029637294,,0.113196802,0.2223609878,0.130560387,0.1227767844,0.1739651833,0.3315147598,0.0003828011,0.3672566252,0.9429329365,,0.7938719388,0.8333333691,0.8415417751,0.7938719388,,0.0442768749,0.0378193878,0.0495999115,0.0575258623,,0.3956264431,0.3122807699,0.1674074953,0.6149424342,,0.3021867785,0.3438596151,0.4162962523,0.1925287829,,0.6978132215,0.6561403849,0.5837037477,0.8074712171,,0,0,0,0,,0,0,0,0,,0,0,0,0,,0,0,0,0,,0,0,0,0,,0,0,0,0,
2026-07-23T18:00:00Z,19.4799995422,-0.0045988837,-0.0046094911,0.0296371964,-0.0332506248,0.0079404392,0.0287841159,0.014401715,0.0004118362,0.0040360839,0.0366529653,,0,0.1,-0.0666666667,0.6,,0.5,0.45,0.5333333333,0.2,,0.5,0.55,0.4666666667,0.8,,0,0,0,0,,0,0,0,0,,0.9,0.95,0.9666666667,0.8,,0.5,0.75,0.1666666667,0,,0.4,0.2,0.8,0.8,,0.9161704492,0.9225616143,0.8930013832,0.9502053533,,1.0426078,1.0426078,1.0426078,1.0426078,,0.8583162067,0.8583162067,0.8028747798,0.8583162067,,0.8726899589,0.8947638971,0.8372689861,0.9081109317,,0.9733059307,0.9440451654,0.9404517518,1,,0.9,0.95,0.9666666667,0.8,,0.0190218331,0.0735259416,0.0484753997,-0.023511284,,0.0937675534,0.1671659029,0.1581450592,0.1622911263,0.1734939214,0.6212180602,0.0035731834,0.4272825704,0.8951642553,,0.7688022595,0.7688022595,0.8222697902,0.7688022595,,0.0524830603,0.0397276349,0.0534431224,0.054786398,,0.3415134839,0.2580943692,0.2030535062,0.9379309211,,0.3292432581,0.3709528154,0.3984732469,0.0310345395,,0.6707567419,0.6290471846,0.6015267531,0.9689654605,,0,0,0,0,,0,0,0,0,,0,0,0,0,,0,0,0,0,,0,0,0,0,,0,0,0,0,
2026-07-24T09:00:00Z,18.6100006104,-0.0446611372,-0.0456891713,-0.0266940693,-0.018459836,0.0047468437,0.0005274383,0.0152085061,0.0012084223,0.0043508851,0.012681357,,0,0,-0.0666666667,0.2,,0.5,0.5,0.5333333333,0.4,,0.5,0.5,0.4666666667,0.6,,0,0,0,0,,0,0,0,0,,0.8,0.9,0.9333333333,0.6,,0.4,0.7,0.1333333333,0,,0.4,0.2,0.8,0.6,,0.9662546684,0.9664964692,0.9383485207,1.013541068,,1.0913486727,1.0913486727,1.0913486727,1.0913486727,,0.8984416316,0.8984416316,0.8404083735,0.9306823819,,0.9134873424,0.9365932151,0.8764104745,1,,1.0188070104,1,0.985491647,1.0467490007,,0.7,0.8,0.8666666667,0.4,,-0.0346929459,0.0220235186,-0.0014363543,-0.0389037819,,0.0782155483,0.0163845523,0.1210843484,0.1044510498,0.1660401357,0.6289409702,0.0274169333,0.4435318404,0.2390513427,,0.5264627344,0.5264627344,0.6359744807,0.4314384663,,0.0550818588,0.0420828486,0.0565463313,0.0366804903,,0.2591172961,0.0298212002,0.1461818957,0.47826114,,0.3704413519,0.4850893999,0.4269090522,0.26086943,,0.6295586481,0.5149106001,0.5730909478,0.73913057,,0,0,0,0,,0,0,0,0,,0,0,0,0,,0,0,0,0,,0,0,0,0,,0,0,0,0,
2026-07-24T12:00:00Z,18.8999996185,0.0155829661,0.0154627984,0.0032240443,0.0123192041,0.0010712618,0.0080342591,0.0141606538,0.0024430131,0.0043870029,-0.0057142753,,0.2,0,0,0.2,,0.4,0.5,0.5,0.4,,0.6,0.5,0.5,0.6,,0,0,0,0,,0,0,0,0,,0.7,0.85,0.9,0.4,,0.3,0.65,0.1,0,,0.4,0.2,0.8,0.4,,0.9614814973,0.9523015997,0.9283598006,1.0107936559,,1.074603168,1.074603168,1.074603168,1.074603168,,0.8846560662,0.8846560662,0.8275132624,0.9264550573,,0.922222257,0.922222257,0.8629629521,1,,1.003174575,0.9846561368,0.9730158604,1.0306878273,,0.7,0.85,0.9,0.4,,-0.0252044393,0.0244897759,0.0080286574,0.0006348948,,0.1117646834,0.0128617242,0.1524390279,0.0684001723,0.1856963686,0.5894582637,0.1121200244,0.4551116193,0.1754191693,,0.607242399,0.607242399,0.6980727811,0.4964284887,,0.0529765593,0.0420707281,0.0562857143,0.0192946824,,0.3625956269,0.0239999908,0.1806359357,0.3865815164,,0.3187021866,0.4880000046,0.4096820321,0.3067092418,,0.6812978134,0.5119999954,0.5903179679,0.6932907582,,0,0,0,0,,0,0,0,0,,0,0,0,0,,0,0,0,0,,0,0,0,0,,0,0,0,0,
2026-07-24T15:00:00Z,17.5,-0.0740740554,-0.076961021,-0.0185185391,-0.0566037348,0.0264151859,0.0037735686,0.0105246725,0.001971214,0.0042339108,-0.0269714246,,0,0,0,-0.2,,0.5,0.5,0.5,0.6,,0.5,0.5,0.5,0.4,,0,0,0,0,,0,0,0,0,,0.6,0.8,0.8666666667,0.2,,0.2,0.6,0.0666666667,0.8,,0.4,0.2,0.8,-0.6,,1.0385714286,1.0278857095,1.0048952321,1.0749714225,,1.1605713981,1.1605713981,1.1605713981,1.1605713981,,0.9554285322,0.9554285322,0.8937143053,0.9960000174,,0.9960000174,0.9960000174,0.9537143162,1.0634286063,,1.0834285191,1.0634286063,1.050857108,1.113142831,,0.4,0.35,0.4666666667,0.2,,-0.0859324547,-0.0466122421,-0.0662869386,-0.0210285732,,0.0017172689,-0.0118576564,0.0729614085,-0.0770041748,0.1068943413,0.280317005,0.061785547,0.3810817989,0.7983145541,,0.217270377,0.217270377,0.3982869392,0.0243054567,,0.0570966781,0.0457284144,0.0593638177,0.0426905609,,0.0048623509,-0.0200956194,0.0785479316,-0.4478527105,,0.4975688246,0.5100478097,0.4607260342,0.7239263552,,0.5024311754,0.4899521903,0.5392739658,0.2760736448,,0,0,0,0,,0,0,0,0,,0,0,0,0,,0,0,0,0,,0,0,0,0,,0,0,0,0,
2026-07-24T18:00:00Z,18.6299991608,0.0645713806,0.0625722586,0.0062857492,0.0579215511,0.0176037117,0.0113572263,0.0085525102,0.0026253229,0.0038072958,-0.0150832072,0.0021456725,0.2,0,0.0666666667,-0.2,,0.4,0.5,0.4666666667,0.6,,0.6,0.5,0.5333333333,0.4,,0,0,0,0,,0,0,0,0,0,0.5,0.75,0.8333333333,0,0.9166666667,0.1,0.55,0.0333333333,0.8,0.3166666667,0.4,0.2,0.8,-0.8,0.6,0.9820182882,0.9663714815,0.9483807841,0.9996779724,0.9152084817,1.0901771541,1.0901771541,1.0901771541,1.0901771541,1.0901771541,0.8974771909,0.8974771909,0.8395062291,0.9345142583,0.8158883786,0.9393451846,0.9355878202,0.8996243148,0.9989265405,0.8615136855,1.0177133622,1,0.9989265405,1.0144927788,0.9785292734,0.6,0.8,0.8333333333,0.6,0.9166666667,-0.0205045842,0.0086879507,-0.003586573,0.030488442,0.0214941796,0.068846749,0.0169213685,0.1535603468,-0.0480327312,,0.2206562522,0.121387559,0.3623922363,0.3809908522,0.407770362,0.5320333611,0.5320333611,0.6402568264,0.4206894737,0.6712327949,0.0522952757,0.0434501686,0.0547414628,0.0345582244,0.0581910116,0.1652891802,0.0282588606,0.1538462085,-0.2486775957,,0.4173554099,0.4858705697,0.4230768958,0.6243387979,,0.5826445901,0.5141294303,0.5769231042,0.3756612021,,0,0,0,0,0,0,0,0,0,0,0,0,0,0,,0,0,0,0,,0,0,0,0,,0,0,0,0,
2026-07-27T09:00:00Z,17.5799999237,-0.0563606701,-0.0580112516,-0.0542135463,-0.0022701994,0.012485772,0.002837641,0.0010238879,0.002740212,0.0033948732,-0.0132537079,0.0022489496,0.2,-0.1,0.0666666667,-0.2,-0.1,0.4,0.55,0.4666666667,0.6,0.55,0.6,0.45,0.5333333333,0.4,0.45,0,0,0,0,0,0,0,0,0,0,0.4,0.7,0.8,0,0.9,0,0.5,0,0.6,0.3,0.4,0.2,0.8,-0.6,0.6,1.0453356049,1.0219283251,1.0077929423,1.0377701901,0.9711035252,1.155290077,1.155290077,1.155290077,1.0836177087,1.155290077,0.9510807387,0.9510807387,0.8896473499,0.990329916,0.864618878,1,0.9914675985,0.9584755662,1,0.9129692438,1.0784982461,1.0597269193,1.0585893453,1.0597269193,1.0369738124,0.3,0.45,0.4666666667,0.4,0.7,-0.0499431006,-0.0479603389,-0.0570186038,-0.0112627744,-0.0374475396,0.0489259954,-0.0414394887,0.0905706581,-0.097535917,0.0798525296,0.0035265493,0.117423967,0.2785347161,0.3179040148,0.4008351105,0.2395544774,0.2395544774,0.4154175471,0.1036586217,0.4657534783,0.0495227114,0.0461106889,0.0556766525,0.0332433196,0.061517284,0.1073298652,-0.0633334027,0.085180851,-0.4008441433,0.0443383245,0.4463350674,0.5316667014,0.4574095745,0.7004220717,0.4778308378,0.5536649326,0.4683332986,0.5425904255,0.2995779283,0.5221691622,0,0,0,0,0,0,0,0,0,0,0,0,0,0,0,0,0,0,0,0,0,0,0,0,0,0,0,0,0,0
2026-07-27T12:00:00Z,17.7099990845,0.0073947191,0.0073675122,0.0045506214,0.0028312139,0.0107588072,0.0073612209,-0.0067861029,0.002669575,0.0026637289,-0.0129870201,0.0022233573,0.2,0,0.1333333333,0.2,-0.1,0.4,0.5,0.4333333333,0.4,0.55,0.6,0.5,0.5666666667,0.6,0.45,0,0,0,0,0,0,0,0,0,0,0.3,0.65,0.7666666667,0.2,0.8833333333,0,0.45,0,0.4,0.2833333333,0.3,0.2,0.7666666667,-0.2,0.6,1.0425183896,1.0132129187,1.0037832153,1.0199887347,0.9652456667,1.1468097412,1.1468097412,1.1468097412,1.0750989215,1.1468097412,0.9779785765,0.9440993889,0.8904574406,0.98306046,0.8582721962,0.9988707763,0.9841897914,0.9599097052,0.9926595614,0.9062676492,1.070581596,1.0519480589,1.0508188353,1.0519480589,1.0293619698,0.4,0.6,0.5666666667,0.6,0.75,-0.0119809267,-0.038573881,-0.0424072836,0.0059853056,-0.0308347081,0.0510384975,-0.023704538,0.1131363453,-0.0483611766,0.0825182411,0.2120741481,0.1128826891,0.1971651743,0.3117417417,0.3983191202,0.1304345885,0.2757659412,0.4273125662,0.1840484911,0.4911936289,0.0423256413,0.0458167495,0.0519235209,0.0328947835,0.0610090118,0.1119790768,-0.0360436468,0.1055099824,-0.225000596,0.0459652353,0.4440104616,0.5180218234,0.4472450088,0.612500298,0.4770173823,0.5559895384,0.4819781766,0.5527549912,0.387499702,0.5229826177,0,0,0,0,0,0,0,0,0,0,0,0,0,0,0,0,0,0,0,0,0,0,0,0,0,0,0,0,0,0
2026-07-27T15:00:00Z,19.3400001526,0.0920384615,0.0880460978,0.0067758806,0.0846887401,0.033090306,0.0089736314,-0.0064053137,0.0032765467,0.0023055606,0.0142709421,0.0021225014,0.2,0.1,0.1333333333,0.2,-0.0666666667,0.4,0.45,0.4333333333,0.4,0.5333333333,0.6,0.55,0.5666666667,0.6,0.4666666667,0,0,0,0,0,0,0,0,0,0,0.2,0.6,0.7333333333,0.8,0.8666666667,0.6,0.4,0.0333333333,0.2,0.2666666667,-0.4,0.2,0.7,0.6,0.6,0.9631850848,0.932057895,0.9250430731,0.9385728811,0.886849349,1.050155083,1.050155083,1.050155083,1.0305067295,1.050155083,0.9002068102,0.8645294303,0.8154084971,0.9002068102,0.7859358681,0.9157186631,0.9012409601,0.8924508838,0.9089968865,0.8324715747,1,0.977249197,0.9632884702,0.9632884702,0.9467424675,0.8,0.9,0.9333333333,1,0.9666666667,0.0656388269,0.036814911,0.0415262988,0.0328852346,0.05053686,0.0932730112,0.0926553288,0.213299916,0.023280452,0.215587702,0.2294317014,0.1789454539,0.1857936978,0.2944022724,0.4126142699,0.6655174342,0.7298052167,0.7863437169,0.7658729979,0.8101762469,0.038409678,0.0446634079,0.0462967246,0.0371960706,0.0572237298,0.1948052533,0.1250000363,0.1822080474,0.0823971308,0.1122750069,0.4025973734,0.4374999818,0.4088959763,0.4588014346,0.4438624965,0.5974026266,0.5625000182,0.5911040237,0.5411985654,0.5561375035,0,0,0,0,0,0,0,0,0,0,0,0,0,0,0,0,0,0,0,0,0,0,0,0,0,0,0,0,0,0
2026-07-27T18:00:00Z,18.9699993134,-0.0191313773,-0.0193167502,-0.0056877254,-0.013520553,0.0265210734,0.0041601625,-0.004380124,0.0043543219,0.0021431881,0.0128624176,0.0021859729,0,0,0.0666666667,0.2,-0.0666666667,0.5,0.5,0.4666666667,0.4,0.5333333333,0.5,0.5,0.5333333333,0.6,0.4666666667,0,0,0,0,0,0,0,0,0,0,0.1,0.55,0.7,0.6,0.85,0.5,0.35,0,0,0.25,-0.4,0.2,0.7,0.6,0.6,0.9820242691,0.9517659716,0.9477596462,0.9723774483,0.9070725963,1.0706378598,1.0706378598,1.0706378598,1.0506062745,1.0706378598,0.9177649171,0.8813916668,0.8313126531,0.9177649171,0.8012651745,0.9335793213,0.9188192375,0.9188192375,0.9335793213,0.8497628583,1.0195045257,0.9994728398,0.9836584356,1,0.9657353905,0.7,0.85,0.9,0.8,0.95,0.037686289,0.0068679707,0.0211641268,0.0018977164,0.0284412031,0.0005274383,0.0315388767,0.1630901247,0.0839999608,0.2129155305,0.103095037,0.289654963,0.1652310883,0.2481370059,0.4163366254,0.5379309211,0.6267409204,0.7048457169,0.6190472947,0.7377690328,0.039182713,0.0466526014,0.0456355853,0.0365167262,0.0586709021,0.0013210346,0.045312517,0.1425509623,0.3410671683,0.1086460014,0.4993394827,0.4773437415,0.4287245188,0.3294664158,0.4456769993,0.5006605173,0.5226562585,0.5712754812,0.6705335842,0.5543230007,0,0,0,0,0,0,0,0,0,0,0,0,0,0,0,0,0,0,0,0,0,0,0,0,0,0,0,0,0,0
2026-07-28T09:00:00Z,18.9300003052,-0.0021085403,-0.0021107664,0.0042171812,-0.0062991568,0.0089238889,0.0094488353,-0.0002081037,0.004627654,0.0017544878,0.0209191808,0.0022173793,-0.2,0,0.0666666667,-0.2,-0.1,0.6,0.5,0.4666666667,0.6,0.55,0.4,0.5,0.5333333333,0.4,0.45,0,0,0,0,0,0,0,0,0,0,0,0.5,0.6666666667,0.4,0.8333333333,0.4,0.3,0,0,0.2333333333,-0.4,0.2,0.6666666667,0.4,0.6,0.9807184084,0.9573428186,0.9549040085,0.9776016618,0.9117097862,1.072900113,1.072900113,1.072900113,1.0528262009,1.072900113,0.9197041504,0.8832540435,0.8383518029,0.9260433388,0.8029582443,0.9355519704,0.9207606986,0.9228736942,0.9355519704,0.8531431251,1.0021129956,1.0015847215,0.9984151777,1.0021129956,0.9688325334,0.7,0.75,0.8333333333,0.6,0.9166666667,0.0202180582,-0.0013055313,0.0196559176,-0.0194400234,0.0228775242,-0.0327030863,0.0767918309,0.1823860109,0.0161031217,0.1950757653,0.0002730423,0.3167074493,0.1289428252,0.6074089714,0.4212541363,0.5241381578,0.6155991359,0.6891893488,0.5833332671,0.7299414377,0.0361736084,0.0474162892,0.0422903225,0.0379593765,0.059165454,-0.0914285341,0.1122195478,0.1586957254,0.0931680771,0.1013447406,0.545714267,0.4438902261,0.4206521373,0.4534159614,0.4493276297,0.454285733,0.5561097739,0.5793478627,0.5465840386,0.5506723703,0,0,0,0,0,0,0,0,0,0,0,0,0,0,0,0,0,0,0,0,0,0,0,0,0,0,0,0,0,0
2026-07-28T12:00:00Z,18.6399993896,-0.0153196466,-0.0154382048,-0.0073956359,-0.0079830505,0.0191590572,0.0180947385,0.0032806584,0.0048315519,0.0014639537,0.0077789743,0.0022489109,-0.2,-0.1,0,-0.2,-0.1333333333,0.6,0.55,0.5,0.6,0.5666666667,0.4,0.45,0.5,0.4,0.4333333333,0,0,0,0,0,0,0,0,0,0,0.6,0.45,0.6333333333,0.2,0.8166666667,0.3,0.25,0.5,0,0.2166666667,0.3,0.2,0.1333333333,0.2,0.6,0.9914699764,0.9744635428,0.9732475176,1.0041845634,0.9283530266,1.06920606,1.0895922817,1.0895922817,1.06920606,1.0895922817,0.9340128979,0.8969957007,0.8969957007,0.9404507114,0.8154506602,0.9501072781,0.9350858839,0.9388412325,1,0.8669528099,1.0155579895,1.0171673662,1.0139485106,1.0177038591,0.9865879824,0.6,0.65,0.7333333333,0.4,0.8666666667,-0.0062329391,-0.0203632862,0.005525153,-0.019742512,0.0053041018,-0.0431211587,0.0466030291,0.1168363567,0.0602957606,0.1730647569,0.0814676082,0.3319388836,0.0956563671,0.1385520442,0.4206548084,0.4880949678,0.53481894,0.53481894,0.4624995331,0.673189787,0.0330137986,0.0483563389,0.0409694032,0.0295549933,0.0600495312,-0.1166667373,0.0686518036,0.1082731625,0.4308939181,0.0894890939,0.5583333687,0.4656740982,0.4458634187,0.2845530409,0.4552554531,0.4416666313,0.5343259018,0.5541365813,0.7154469591,0.5447445469,0,0,0,0,0,0,0,0,0,0,0,0,0,0,0,0,0,0,0,0,0,0,0,0,0,0,0,0,0,0
2026-07-28T15:00:00Z,17.9599990845,-0.0364807043,-0.0371627646,0.0016094789,-0.0380289764,0.0455276046,0.004284945,0.0023014093,0.0040574696,0.0015190099,-0.0172049121,0.0022802207,-0.2,-0.1,-0.0666666667,-0.6,-0.1666666667,0.6,0.55,0.5333333333,0.8,0.5833333333,0.4,0.45,0.4666666667,0.2,0.4166666667,0,0,0,0,0,0,0,0,0,0,0.5,0.4,0.6,0,0.8,0.2,0.2,0.4666666667,0,0.2,0.3,0.2,0.1333333333,0,0.6,1.0253897852,1.0133073894,1.0094469588,1.0449888979,0.9652283247,1.1096882696,1.1308463531,1.1308463531,1.1096882696,1.1308463531,0.9693764329,0.930957693,0.930957693,0.9838530611,0.8463251996,0.9860801775,0.9727171606,0.9743875775,1.0378619343,0.8997773202,1.0540089794,1.0556792901,1.0523385625,1.0562360958,1.0239421118,0.4,0.5,0.5,0.2,0.7,-0.0357461269,-0.0518533507,-0.031472602,-0.0105790736,-0.0324948362,-0.0349275392,0.0405561325,-0.019115259,0.0141163192,0.115527867,0.0352415483,0.2285836442,0.0956076186,0.8978164216,0.407318027,0.2182536259,0.3454038213,0.3454038213,0.1283181322,0.5401173113,0.0352122147,0.0489360064,0.0425210098,0.0256787385,0.0618743108,-0.0927249189,0.0572830698,-0.0205038374,0.0830564195,0.0596153598,0.5463624595,0.4713584651,0.5102519187,0.4584717903,0.4701923201,0.4536375405,0.5286415349,0.4897480813,0.5415282097,0.5298076799,0,0,0,0,0,0,0,0,0,0,0,0,0,0,0,0,0,0,0,0,0,0,0,0,0,0,0,0,0,0
2026-07-28T18:00:00Z,18.1700000763,0.0116927062,0.0116248747,0.0066815615,0.0049778846,0.0160397682,0.0110619891,0.003312153,0.0029458609,0.0017170668,-0.014144192,0.002204581,-0.2,0,-0.0666666667,-0.6,-0.1333333333,0.6,0.5,0.5333333333,0.8,0.5666666667,0.4,0.5,0.4666666667,0.2,0.4333333333,0,0,0,0,0,0,0,0,0,0,0.4,0.35,0.5666666667,0,0.7833333333,0.1,0.15,0.4333333333,0.6,0.1833333333,0.3,0.2,0.1333333333,-0.6,0.6,1.0095211652,1.0048156144,0.9968812908,1.020032997,0.9560630942,1.0968629731,1.1177765207,1.1177765207,1.0864061468,1.1177765207,0.9581727999,0.9201980871,0.9201980871,0.9840395754,0.8365437394,0.9746834898,0.9631260279,0.9631260279,1,0.8976334286,1.0418272001,1.0434782061,1.0401760891,1.0418272001,1.0121078323,0.5,0.5,0.5666666667,0.4,0.7166666667,-0.0244258537,-0.0328012932,-0.0217787599,0.0082553869,-0.0210982329,-0.0386243152,0.0688235339,-0.0262593663,-0.060496384,0.1356250048,0.0792073698,0.136639343,0.1271282131,0.8053570614,0.3959276492,0.3015873376,0.4038999168,0.4038999168,0.1559144196,0.5812133985,0.0338029472,0.045953668,0.0416826625,0.022289427,0.0606762091,-0.1053390346,0.0961380802,-0.028942701,-0.7358481513,0.0693069512,0.5526695173,0.4519309599,0.5144713505,0.8679240756,0.4653465244,0.4473304827,0.5480690401,0.4855286495,0.1320759244,0.5346534756,0,0,0,0,0,0,0,0,0,0,0,0,0,0,0,0,0,0,0,0,0,0,0,0,0,0,0,0,0,0
2026-07-29T09:00:00Z,18.1499996185,-0.0011007407,-0.0011013469,0.0055035983,-0.0065681903,0.0098522332,0.0054734745,-0.0003606298,0.0021794137,0.0015787355,-0.011184577,0.0023948188,-0.2,-0.1,-0.0666666667,-0.6,-0.1666666667,0.6,0.55,0.5333333333,0.8,0.5833333333,0.4,0.45,0.4666666667,0.2,0.4166666667,0,0,0,0,0,0,0,0,0,0,0.3,0.3,0.5333333333,0.4,0.7666666667,0,0.1,0.4,0.4,0.1666666667,0.3,0.2,0.1333333333,0,0.6,1.0142148759,1.0077961537,0.9987878896,1.0121212166,0.9566758605,1.0980716652,1.1190082586,1.1190082586,1.0754821415,1.1190082586,0.9592286619,0.9212121027,0.9212121027,0.9851239414,0.8374655718,0.9895316508,0.9685950575,0.9641873481,1,0.898622579,1.0429752453,1.0446280707,1.0413223149,1.0269972331,1.0104683492,0.4,0.45,0.5333333333,0.4,0.7166666667,-0.0125920418,-0.0285005842,-0.0216795541,0.0102479375,-0.0273230139,0.0371428353,0.0389238885,0.0248447519,-0.043226132,-0.0257648719,0.0011562956,0.0781644594,0.1082891478,0.6408860059,0.4725378697,0.2936506495,0.3983287589,0.3983287589,0.1646342953,0.5772994144,0.0304617017,0.0449501188,0.0415246639,0.019758054,0.0603329613,0.1171170242,0.0580205167,0.0275000432,-0.6612891813,-0.0167247267,0.4414414879,0.4709897417,0.4862499784,0.8306445907,0.5083623634,0.5585585121,0.5290102583,0.5137500216,0.1693554093,0.4916376366,0,0,0,0,0,0,0,0,0,0,0,0,0,0,0,0,0,0,0,0,0,0,0,0,0,0,0,0,0,0
2026-07-29T12:00:00Z,18.7199993134,0.0314049425,0.0309218947,0.005509663,0.025753387,0.0109589459,0.0109589459,0.0013500377,0.0017134165,0.0018054241,0.0018696602,0.0024602631,-0.2,0,-0.0666666667,-0.2,-0.1333333333,0.6,0.5,0.5333333333,0.6,0.5666666667,0.4,0.5,0.4666666667,0.4,0.4333333333,0,0,0,0,0,0,0,0,0,0,0.2,0.25,0.5,0.2,0.75,0,0.05,0.3666666667,0.2,0.15,0.2,0.2,0.1333333333,0,0.6,0.9838141187,0.9805555785,0.969088344,0.9790598381,0.9285612783,1.0646368075,1.0849359087,1.0849359087,1.0427351054,1.0849359087,0.936431695,0.8931623892,0.8931623892,0.9551281953,0.8119658316,0.9594016957,0.9449786957,0.9348290941,0.9695512972,0.8712606872,1.0112180021,1.0128205011,1.0096154013,0.9957264996,0.9823717983,0.7,0.65,0.7666666667,1,0.8833333333,0.0101107117,0.0031669645,0.0047330071,0.0172008415,-0.0011390386,0.0048309263,0.0740102688,0.0218340407,-0.0110935546,0.0648463819,0.0169759489,0.0539974392,0.1479779076,0.0276474461,0.5177867634,0.4958328399,0.5571030404,0.5571030404,0.5121948099,0.6888453504,0.02976157,0.0425179381,0.0406228143,0.0159019424,0.0592115424,0.0180360967,0.1053060579,0.0250626432,-0.1186444696,0.0403968692,0.4909819517,0.4473469711,0.4874686784,0.5593222348,0.4798015654,0.5090180483,0.5526530289,0.5125313216,0.4406777652,0.5201984346,0,0,0,0,0,0,0,0,0,0,0,0,0,0,0,0,0,0,0,0,0,0,0,0,0,0,0,0,0,0
2026-07-29T15:00:00Z,19.9099998474,0.0635684069,0.061629676,0.003739402,0.0596061137,0.0106439996,0.0085152606,0.0025569614,0.0014603297,0.0023394479,0.0223505816,0.002593443,0,0.1,-0.0666666667,0.2,-0.1333333333,0.5,0.45,0.5333333333,0.4,0.5666666667,0.5,0.55,0.4666666667,0.6,0.4333333333,0,0,0,0,0,0,0,0,0,0,0.9,0.2,0.4666666667,0.8,0.7333333333,0,0,0.3333333333,0,0.1333333333,0.9,0.2,0.1333333333,0.8,0.6,0.9367152065,0.9298593611,0.9137954092,0.9332998358,0.8744684395,1.0100452418,1.0200903878,1.0200903878,1.0100452418,1.0200903878,0.8804621206,0.8397789775,0.8397789775,0.8980411501,0.7634354558,0.9116021978,0.8895027233,0.8789553056,0.9116021978,0.819186318,0.9527875168,0.9527875168,0.9507785259,0.9402310124,0.9347062156,1,1,1,1,1,0.0517784674,0.0562675063,0.0522825961,0.021999001,0.0490249916,0.1325369701,0.1879474687,0.0856052171,0.068133074,0.0921558062,0.052283381,0.0466845029,0.2395451741,0.7839842128,0.6047159611,0.9224803221,0.8885794982,0.8885794982,0.9103136175,0.9217221829,0.0321195392,0.0389726905,0.0413722261,0.0356985164,0.0577565567,0.4541907548,0.2466718854,0.0916520897,0.4756552488,0.0584144863,0.2729046226,0.3766640573,0.4541739552,0.2621723756,0.4707927568,0.7270953774,0.6233359427,0.5458260448,0.7378276244,0.5292072432,0,0,0,0,0,0,0,0,0,0,0,0,0,0,0,0,0,0,0,0,0,0,0,0,0,0,0,0,0,0
2026-07-29T18:00:00Z,17.6900005341,-0.1115017243,-0.1182225721,-0.0005022717,-0.1110552325,0.02211058,0.0120602902,-0.0036247138,-0.0005062119,0.0024284246,0.0045223353,0.0028834086,-0.2,0,-0.0666666667,0.2,-0.1333333333,0.6,0.5,0.5333333333,0.4,0.5666666667,0.4,0.5,0.4666666667,0.6,0.4333333333,0,0,0,0,0,0,0,0,0,0,0.9,0.95,0.9666666667,0.8,0.9833333333,0.9,0,0.3,0.8,0.1166666667,0,0.95,0.6666666667,0,0.8666666667,1.0541548446,1.0489259007,1.0276238523,1.0473713577,0.9850762751,1.149802122,1.149802122,1.149802122,1.149802122,1.149802122,0.9864330263,0.9790841816,0.9451666935,0.9864330263,0.8592424732,1.0260033392,1.0011305003,0.9892594388,1.0260033392,0.9219897667,1.0723571928,1.0723571928,1.0700960844,1.0582249151,1.0520067862,0.1,0.2,0.3666666667,0.2,0.5833333333,-0.0378436326,-0.0441168878,-0.0628360088,-0.0564160284,-0.0701368293,-0.0011292237,0.04985164,-0.024806994,-0.0150333276,0.0548598719,0.0821795351,0.005377001,0.2013479176,0.0219172806,0.5926858703,0.083044921,0.1225168156,0.2679560762,0.083044921,0.4844359063,0.0363177431,0.0398068767,0.0468425223,0.0432000676,0.0648625779,-0.0027698811,0.0563758578,-0.0234986446,-0.0641326572,0.0311653198,0.5013849406,0.4718120711,0.5117493223,0.5320663286,0.4844173401,0.4986150594,0.5281879289,0.4882506777,0.4679336714,0.5155826599,0,0,0,0,0,0,0,0,0,0,0,0,0,0,0,0,0,0,0,0,0,0,0,0,0,0,0,0,0,0
2026-07-30T09:00:00Z,19.7399997711,0.115884634,0.109647484,0.1057093768,0.0092024698,0.0173824214,0.006646174,0.0021061706,-0.0002887151,0.0025192912,0.0108915985,0.0027275391,-0.2,0,0,0.2,-0.1333333333,0.6,0.5,0.5,0.4,0.5666666667,0.4,0.5,0.5,0.6,0.4333333333,0,0,0,0,0,0,0,0,0,0,0.8,0.9,0.9333333333,0.6,0.9666666667,0.8,0.3,0.2666666667,0.6,0.1,0,0.6,0.6666666667,0,0.8666666667,0.9467071906,0.9451874328,0.9243498822,0.9545086137,0.8852077012,1.0303951565,1.0303951565,1.0303951565,1.0303951565,1.0303951565,0.8839919435,0.8819655547,0.8470111199,0.8839919435,0.770010131,0.9194528789,0.9098277251,0.886524833,0.9194528789,0.8262411173,0.9609928842,0.9797365946,0.9604862869,1,0.9437689654,0.9,0.95,0.9666666667,0.8,0.9833333333,0.0438150416,0.057555361,0.0391203958,0.0237081892,0.0343298945,0.0206825034,0.115884634,0.1152541763,0.0864061468,0.1708184494,0.0295545029,0.0020846827,0.2451938384,0.1226819358,0.6218372644,0.7923873674,0.7952217341,0.8342540767,0.7923873674,0.8832684161,0.0351891434,0.0364624116,0.0440365017,0.0439760596,0.0599008407,0.0523559621,0.1272501331,0.0982658832,0.2595041145,0.0914866495,0.4738220189,0.4363749334,0.4508670584,0.3702479427,0.4542566753,0.5261779811,0.5636250666,0.5491329416,0.6297520573,0.5457433247,0,0,0,0,0,0,0,0,0,0,0,0,0,0,0,0,0,0,0,0,0,0,0,0,0,0,0,0,0,0
2026-07-30T12:00:00Z,19.0100002289,-0.036980727,-0.0376818539,-0.0096251538,-0.0276214337,0.0122763012,0.0046035885,0.0040999181,0.0002155578,0.0029270933,0.0021567688,0.0029046439,-0.2,-0.1,-0.0666666667,0.2,-0.1333333333,0.6,0.55,0.5333333333,0.4,0.5666666667,0.4,0.45,0.4666666667,0.6,0.4333333333,0,0,0,0,0,0,0,0,0,0,0.7,0.85,0.9,0.4,0.95,0.7,0.25,0.2333333333,0.4,0.0833333333,0,0.6,0.6666666667,0,0.8666666667,0.9832719407,0.9816149152,0.9609328216,1.0002104003,0.9211379778,1.0699631724,1.0699631724,1.0699631724,1.0699631724,1.0699631724,0.9179379565,0.9158337526,0.879537039,0.9179379565,0.7995791492,0.9547606207,0.9447658531,0.920568111,0.9847448231,0.8579694513,1,1.0173592804,0.9978957962,1.0384008171,0.9805365158,0.8,0.75,0.8333333333,0.6,0.9166666667,-0.0017215721,0.0163372858,-0.0033756742,-0.0045239379,-0.0068249731,0.0021086409,0.0026371913,0.0337140217,0.0473829547,0.1315476841,0.1033479898,0.0010743233,0.2997075423,0.005304025,0.6401045399,0.5397923167,0.5460751586,0.6325967913,0.5397923167,0.7412451683,0.0366311993,0.0379220709,0.0462782524,0.0418808812,0.0628735156,0.0050001144,0.0032113777,0.0298077419,0.1272190568,0.0687403279,0.4974999428,0.4983943111,0.485096129,0.4363904716,0.465629836,0.5025000572,0.5016056889,0.514903871,0.5636095284,0.534370164,0,0,0,0,0,0,0,0,0,0,0,0,0,0,0,0,0,0,0,0,0,0,0,0,0,0,0,0,0,0
2026-07-30T15:00:00Z,18.4699993134,-0.0284061499,-0.0288174115,0.0010521019,-0.0294272913,0.0068312746,0.0189174298,0.0044232284,0.0008520219,0.0028268186,-0.0084461366,0.0029507384,-0.2,-0.2,-0.0666666667,-0.2,-0.1333333333,0.6,0.6,0.5333333333,0.6,0.5666666667,0.4,0.4,0.4666666667,0.4,0.4333333333,0,0,0,0,0,0,0,0,0,0,0.6,0.8,0.8666666667,0.2,0.9333333333,0.6,0.2,0.2,0.2,0.0666666667,0,0.6,0.6666666667,0,0.8666666667,1.0095289881,1.0073362445,0.9906334859,1.0267461096,0.9501534278,1.1012453118,1.1012453118,1.1012453118,1.1012453118,1.1012453118,0.9447753877,0.942609664,0.9052517561,0.9447753877,0.8229561654,0.9826746234,0.9723876422,0.9474824391,1,0.8830536043,1.0292366505,1.0292366505,1.0270709268,1.0687601789,1.0092041193,0.5,0.4,0.5333333333,0.4,0.75,-0.0294335157,-0.0154304525,-0.0316223562,-0.0098538364,-0.0372002117,-0.0243001048,-0.0562085027,0.0506256765,-0.0133547013,0.1429455129,0.1142251488,0.0172581783,0.2691767635,0.0722927478,0.6308996228,0.3529407494,0.3617745241,0.4834253023,0.3529407494,0.6361866315,0.0375911377,0.0373980624,0.0471594125,0.0444248257,0.0643355296,-0.0541177516,-0.0709677753,0.0433511743,-0.0371471051,0.0720748809,0.5270588758,0.5354838876,0.4783244129,0.5185735525,0.4639625595,0.4729411242,0.4645161124,0.5216755871,0.4814264475,0.5360374405,0,0,0,0,0,0,0,0,0,0,0,0,0,0,0,0,0,0,0,0,0,0,0,0,0,0,0,0,0,0
2026-07-30T18:00:00Z,17.6499996185,-0.0443963035,-0.0454119953,0.0362750461,-0.0778474304,0.001044956,0,0.0015280298,0.0009005515,0.002531361,-0.0076487383,0.0029531967,-0.2,-0.2,-0.1333333333,-0.6,-0.1333333333,0.6,0.6,0.5666666667,0.8,0.5666666667,0.4,0.4,0.4333333333,0.2,0.4333333333,0,0,0,0,0,0,0,0,0,0,0.5,0.75,0.8333333333,0,0.9166666667,0.5,0.15,0.1666666667,0,0.05,0,0.6,0.6666666667,0,0.8666666667,1.0508215378,1.0489518498,1.0363550635,1.0488385435,0.9958073775,1.1524079656,1.1524079656,1.1524079656,1.1524079656,1.1524079656,0.9886686198,0.986402279,0.9473087634,0.9886686198,0.8611898095,1.0175637095,1.0033994032,0.9915014379,1.0022663409,0.9240793098,1.0770538606,1.0747875197,1.0747875197,1.0770538606,1.0560906398,0.1,0.15,0.3,0.2,0.5,-0.0576976717,-0.057507089,-0.073059798,-0.0335410668,-0.0829266789,-0.0531115774,-0.0939425034,-0.0089837087,-0.113510811,0.099688502,0.0105007511,0.0176417453,0.1955570048,0.0573750335,0.5930481836,0.0692037709,0.0819111762,0.2569061021,0.0692037709,0.4766536276,0.0428300524,0.0390961148,0.0495457742,0.045158897,0.0664121712,-0.1096345178,-0.1127541707,-0.0075757521,-0.3553460204,0.0488400715,0.5548172589,0.5563770853,0.5037878761,0.6776730102,0.4755799642,0.4451827411,0.4436229147,0.4962121239,0.3223269898,0.5244200358,0,0,0,0,0,0,0,0,0,0,0,0,0,0,0,0,0,0,0,0,0,0,0,0,0,0,0,0,0,0
2026-07-31T09:00:00Z,16.8500003815,-0.0453257368,-0.0463850823,-0.0470254924,0.0017836318,0.0041616942,0.0101070202,-0.0062152671,-0.0003775005,0.0016773002,-0.0423738827,0.0028632415,-0.2,-0.2,-0.1333333333,-0.6,-0.1333333333,0.6,0.6,0.5666666667,0.8,0.5666666667,0.4,0.4,0.4333333333,0.2,0.4333333333,0,0,0,0,0,0,0,0,0,0,0.4,0.7,0.8,0,0.9,0.9,0.95,0.9666666667,0.8,0.0333333333,-0.5,-0.25,-0.1666666667,-0.8,0.8666666667,1.0941245966,1.0935311169,1.0847477389,1.0886646556,1.0439366633,1.2071216434,1.2071216434,1.2071216434,1.1916913632,1.2071216434,0.9881305188,0.9881305188,0.9881305188,0.9881305188,0.9020771196,1.04985164,1.04985164,1.0385756441,1.0474776985,0.9709198955,1.128189899,1.1258159575,1.1258159575,1.128189899,1.1062313927,0.1,0.05,0.1,0.2,0.3333333333,-0.0661558945,-0.0899448625,-0.1090685922,-0.0039168903,-0.1284022891,-0.0618039398,-0.0945728195,-0.0237543362,-0.0474844617,0.0537836537,0.1113428898,0.0022185256,0.0749573643,0.9953221137,0.5207162303,0.0542007409,0.0542007409,0.0542007409,0.0583092551,0.321011763,0.0535002154,0.0462148013,0.0530264893,0.0600663761,0.0687159778,-0.1213113387,-0.1089109191,-0.0191857717,-0.170040564,0.0256716659,0.5606556694,0.5544554596,0.5095928858,0.585020282,0.4871641671,0.4393443306,0.4455445404,0.4904071142,0.414979718,0.5128358329,0,0,0,0,0,0,0,0,0,0,0,0,0,0,0,0,0,0,0,0,0,0,0,0,0,0,0,0,0,0
2026-07-31T12:00:00Z,17.2700004578,0.02492582,0.0246202392,-0.0071217114,0.0322774017,0.0011954847,0.0005977423,-0.0107736269,-0.0008911957,0.0007495944,-0.029530969,0.002587494,-0.2,-0.2,-0.0666666667,-0.6,-0.1,0.6,0.6,0.5333333333,0.8,0.55,0.4,0.4,0.4666666667,0.2,0.45,0,0,0,0,0,0,0,0,0,0,0.3,0.65,0.7666666667,0,0.8833333333,0.8,0.9,0.9333333333,0.6,0.0166666667,-0.5,-0.25,-0.1666666667,-0.6,0.8666666667,1.0623045409,1.0622176776,1.0588882076,1.0335842227,1.0199671519,1.1777648879,1.1777648879,1.1777648879,1.1459177991,1.1777648879,0.964099547,0.964099547,0.964099547,0.964099547,0.8801389349,1.0220034251,1.0220034251,1.0133178654,1,0.9496235775,1.1007527345,1.0984365264,1.0984365264,1.0694845874,1.079328251,0.2,0.1,0.1333333333,0.4,0.3833333333,-0.0138232199,-0.0537513187,-0.0697573267,0.0254777152,-0.0962982255,-0.0495321747,-0.0862433436,0.0158823799,-0.1251266131,0.0930379905,0.3059668743,0.0120185687,0.0161441245,0.8373035242,0.4648514313,0.1680218833,0.1680218833,0.1680218833,0.197452415,0.4027238347,0.0559437662,0.0468751335,0.0510632342,0.0456405885,0.0657237854,-0.0961538187,-0.1000613419,0.0125406652,-0.7462234779,0.0435813987,0.5480769094,0.550030671,0.4937296674,0.873111739,0.4782093007,0.4519230906,0.449969329,0.5062703326,0.126888261,0.5217906993,0,0,0,0,0,0,0,0,0,0,0,0,0,0,0,0,0,0,0,0,0,0,0,0,0,0,0,0,0,0
2026-07-31T15:00:00Z,17.2900009155,0.0011581041,0.001157434,-0.0092646116,0.0105201811,0.0824079367,0.0274693866,-0.014848303,-0.0025326445,0.0000508247,-0.0158472864,0.0023365849,0,-0.1,-0.0666666667,-0.2,-0.0666666667,0.5,0.55,0.5333333333,0.6,0.5333333333,0.5,0.45,0.4666666667,0.4,0.4666666667,0,0,0,0,0,0,0,0,0,0,0.2,0.6,0.7333333333,0.2,0.8666666667,0.9,0.95,0.9666666667,0.8,0,-0.7,-0.35,-0.2333333333,-0.6,0.8666666667,1.0561017392,1.0603816572,1.0573163051,1.0124927247,1.0206091537,1.1764024914,1.1764024914,1.1764024914,1.1081549354,1.1764024914,0.9624059288,0.9624059288,0.9624059288,0.9624059288,0.8791208215,1,1.0208212079,1.0121456954,0.9988432356,0.9600925103,1.0994794229,1.0971658941,1.0971658941,1.0208212079,1.0780797225,0.3,0.15,0.1666666667,0.6,0.3833333333,0.0107156243,-0.0363215342,-0.0580532628,0.019201848,-0.0895384095,-0.0473828496,-0.0119999477,-0.0103032859,-0.0904786582,0.12272736,0.5260111406,0.0944310025,0.0000733669,0.5063390749,0.40543565,0.1756760519,0.1756760519,0.1756760519,0.2579370666,0.4066149741,0.0588039263,0.0475239754,0.0513586637,0.0314955489,0.0635507832,-0.091880216,-0.0140844458,-0.008538825,-0.6615381004,0.0566717154,0.545940108,0.5070422229,0.5042694125,0.8307690502,0.4716641423,0.454059892,0.4929577771,0.4957305875,0.1692309498,0.5283358577,0,0,0,0,0,0,0,0,0,0,0,0,0,0,0,0,0,0,0,0,0,0,0,0,0,0,0,0,0,0
2026-07-31T18:00:00Z,16.4599990845,-0.0480047303,-0.049195213,0.0347020499,-0.0799329432,0.0016769529,0.0022358306,-0.0196988118,-0.0040028673,-0.0010169257,-0.0117861521,0.0020905295,-0.2,-0.2,-0.0666666667,-0.2,-0.0666666667,0.6,0.6,0.5333333333,0.6,0.5333333333,0.4,0.4,0.4666666667,0.4,0.4666666667,0,0,0,0,0,0,0,0,0,0,0.1,0.55,0.7,0,0.85,0.9,0.95,0.9666666667,0.8,0.1833333333,-0.8,-0.4,-0.2666666667,-0.8,0.6666666667,1.0956258213,1.107260075,1.1086675288,1.0391252152,1.0732888314,1.2357230428,1.2357230428,1.2357230428,1.1640340773,1.2357230428,0.9975699265,0.9975699265,0.9975699265,0.9975699265,0.9501823337,1.0492102927,1.0680437972,1.0631835342,1.0236938833,1.0085055471,1.1549210988,1.1524909094,1.1524909094,1.0504253874,1.1324423102,0.1,0.05,0.0333333333,0.2,0.2,-0.0069811682,-0.0692328359,-0.093922106,-0.015552911,-0.1349594516,-0.1207265124,-0.116478807,-0.0556512452,-0.1088251383,0.0786368832,0.6747253152,0.1729448476,0.0240195975,0.4483034727,0.3127435425,0.0102038284,0.0102038284,0.0102038284,0.0145981794,0.1744678243,0.0688816438,0.0555025837,0.0567931017,0.0248943613,0.064738469,-0.2349272382,-0.1485283848,-0.044353053,-0.6955014972,0.0352526153,0.6174636191,0.5742641924,0.5221765265,0.8477507486,0.4823736923,0.3825363809,0.4257358076,0.4778234735,0.1522492514,0.5176263077,0,0,0,0,0,0,0,0,0,0,0,0,0,0,0,0,0,0,0,0,0,0,0,0,0,0,0,0,0,0
2026-08-03T09:00:00Z,16.0499992371,-0.0249088621,-0.0252243376,-0.0261238409,0.0012475702,0.0106051197,0.0018715337,-0.0191522746,-0.0066765034,-0.0025663684,-0.0150155999,0.0018197682,-0.4,-0.2,-0.0666666667,-0.2,-0.1,0.7,0.6,0.5333333333,0.6,0.55,0.3,0.4,0.4666666667,0.4,0.45,0,0,0,0,0,0,0,0,0,0,0,0.5,0.6666666667,0.4,0.8333333333,0.9,0.95,0.9666666667,0.8,0.1666666667,-0.9,-0.45,-0.3,-0.4,0.6666666667,1.0995639123,1.1307788566,1.1355140608,1.0457321379,1.1005919426,1.2672897894,1.2672897894,1.2672897894,1.1651091372,1.2672897894,0.9968847826,0.9968847826,0.9968847826,0.9968847826,0.9744548964,1.0498443104,1.0772586752,1.090342731,1.025545163,1.0342679857,1.1507788281,1.1819314776,1.1819314776,1.0760125407,1.1613707337,0.1,0.05,0.0333333333,0.2,0.0666666667,-0.0133786766,-0.067352074,-0.0983017194,-0.0157009382,-0.154275105,-0.1938724581,-0.0870307562,-0.0423628271,-0.0906515816,-0.0068069685,0.6616593765,0.3655128769,0.1323215944,0.5093396313,0.2241896085,0.0115205611,0.0115205611,0.0115205611,0.0185182307,0.0872338107,0.0676285536,0.0636786079,0.0610650693,0.0297545886,0.0665592833,-0.4366516452,-0.1095204255,-0.0328552075,-0.645161067,-0.0032787072,0.7183258226,0.5547602127,0.5164276038,0.8225805335,0.5016393536,0.2816741774,0.4452397873,0.4835723962,0.1774194665,0.4983606464,0,0,0,0,0,0,0,0,0,0,0,0,0,0,0,0,0,0,0,0,0,0,0,0,0,0,0,0,0,0
