date,Close,Return,LogReturn,Gap,Body,UpperShadow,LowerShadow,BETA10,BETA20,BETA30,BETA5,BETA60,CNTD10,CNTD20,CNTD30,CNTD5,CNTD60,CNTN10,CNTN20,CNTN30,CNTN5,CNTN60,CNTP10,CNTP20,CNTP30,CNTP5,CNTP60,CORD10,CORD20,CORD30,CORD5,CORR10,CORR20,CORR30,CORR5,IMAX10,IMAX20,IMAX30,IMAX5,IMIN10,IMIN20,IMIN30,IMIN5,IMXD10,IMXD20,IMXD30,IMXD5,MA10,MA20,MA30,MA5,MA60,MAX10,MAX20,MAX30,MAX5,MIN10,MIN20,MIN30,MIN5,QTLD10,QTLD20,QTLD30,QTLD5,QTLD60,QTLU10,QTLU20,QTLU30,QTLU5,QTLU60,RANK10,RANK20,RANK30,RANK5,RANK60,RESI10,RESI20,RESI30,RESI5,RESI60,ROC10,ROC20,ROC30,ROC5,ROC60,RSQR10,RSQR20,RSQR30,RSQR5,RSQR60,RSV10,RSV20,RSV30,RSV5,STD10,STD20,STD30,STD5,STD60,SUMD10,SUMD20,SUMD30,SUMD5,SUMD60,SUMN10,SUMN20,SUMN30,SUMN5,SUMN60,SUMP10,SUMP20,SUMP30,SUMP5,SUMP60,VMA10,VMA20,VMA30,VMA5,VSTD10,VSTD20,VSTD30,VSTD5,VSUMD10,VSUMD20,VSUMD30,VSUMD5,VSUMN10,VSUMN20,VSUMN30,VSUMN5,VSUMP10,VSUMP20,VSUMP30,VSUMP5,WVMA10,WVMA20,WVMA30,WVMA5
2026-07-30T15:55:00Z,18.4699993134,-0.0227513394,-0.0230141448,-0.001587237,-0.0211977482,0,0.0031796218,-0.0005315761,-0.0033498752,-0.0026243454,0.0031943599,0.0002903559,-0.4,-0.4,-0.2,-0.2,-0.0833333333,0.7,0.7,0.6,0.6,0.5333333333,0.3,0.3,0.4,0.4,0.45,0,0,,0,0,0,,0,0.8,0.1,,0.6,0.4,0.7,,0,0.4,-0.6,,0.6,1.010395257,1.0288305619,1.0416170716,1.0109366776,1.0346057046,1.0373579079,1.0714673336,,1.0373579079,0.9805090029,0.9805090029,,0.9810504338,1,1.0129940325,1.0162426181,1,0.9956686558,1.0232810136,1.0541418537,1.0687601789,1.0232810136,1.0698430408,0.4,0.2,0.1333333333,0.4,0.25,-0.0080031646,0.0029932525,-0.0035640632,-0.0173253973,-0.0431712036,-0.033490386,-0.0576531146,0.0440926374,0,0.0126096242,0.0107562886,0.7005361887,0.6110599134,0.0906788138,0.0215583287,0.3428561567,0.2142849033,,0.3365373153,0.0147218094,0.0230785843,0.029058174,0.0150018882,0.0342470689,-0.2500005588,-0.2935065964,0.1007750639,0,0.0167516106,0.6250002794,0.6467532982,0.4496124681,0.5,0.4916241947,0.3749997206,0.3532467018,0.5503875319,0.5,0.5083758053,0,0,,0,0,0,,0,0,0,,0,0,0,,0,0,0,,0,0,0,,0
2026-07-30T16:15:00Z,18.1700000763,-0.0162425148,-0.0163758704,0.0010828619,-0.017306636,0.0027042263,0.0010816905,-0.0007404798,-0.0036100155,-0.0032857407,-0.0094111226,0.0001302719,-0.4,-0.4,-0.2666666667,-0.2,-0.1166666667,0.7,0.7,0.6333333333,0.6,0.55,0.3,0.3,0.3666666667,0.4,0.4333333333,0,0,,0,0,0,,0,0.7,0.05,,0.4,0.3,0.65,,0.8,0.4,-0.6,,-0.4,1.022454574,1.0421023485,1.0580076958,1.0268574421,1.0516143776,1.0544854027,1.0891579985,,1.0544854027,0.996697883,0.996697883,,0.9988992593,1.0044028576,1.0165106899,1.0330214848,1.0165106899,1.0121078323,1.0357732315,1.0638414883,1.0864061468,1.0401760891,1.0875068875,0.1,0.05,0.0333333333,0.2,0.05,-0.0191224148,-0.0078072013,-0.0103644562,-0.0080351968,-0.0554574,-0.0441872774,-0.069159854,-0.0236432305,-0.0038377026,-0.0043835575,0.0189101666,0.7210527407,0.8538551705,0.6522942474,0.0041748293,0.05714239,0.0357139613,,0.0198024289,0.0154665168,0.0245144061,0.0307772916,0.0164791443,0.0349165904,-0.3043480665,-0.3316952948,-0.0617978536,-0.0451611157,-0.0057061308,0.6521740332,0.6658476474,0.5308989268,0.5225805578,0.5028530654,0.3478259668,0.3341523526,0.4691010732,0.4774194422,0.4971469346,0,0,,0,0,0,,0,0,0,,0,0,0,,0,0,0,,0,0,0,,0
2026-07-30T16:35:00Z,18.2199993134,0.0027517467,0.0027479675,0.001651111,0.0010988214,0.0032967786,0.0021978524,-0.0009247244,-0.0034631037,-0.0034028553,-0.0123490674,-0.0000297683,-0.2,-0.4,-0.2666666667,-0.2,-0.1,0.6,0.7,0.6333333333,0.6,0.55,0.4,0.3,0.3666666667,0.4,0.45,0,0,,0,0,0,,0,0.6,0,,0.2,0.2,0.6,,0.6,0.4,-0.6,,-0.4,1.0163556722,1.0350713743,1.0521588336,1.0180022103,1.0487010994,1.0515916888,1.0861691362,,1.0515916888,0.9939627493,0.9939627493,,0.9961580847,1.00109772,1.013721186,1.0268935121,1,1.0093304107,1.0301866721,1.0510428288,1.0812295008,1.0373216427,1.0845225562,0.2,0.1,0.0666666667,0.4,0.0666666667,-0.0121944125,-0.002171889,-0.002817432,0.0066959245,-0.0478229333,-0.0318809985,-0.0770010373,-0.0811901471,-0.029302138,-0.0016438732,0.0284436694,0.7125236813,0.8694780008,0.8927314428,0.000218722,0.1047607456,0.0654754066,,0.0693066128,0.0157487637,0.023657109,0.031586638,0.0184836929,0.0348584964,-0.2290080393,-0.3897435546,-0.2705884767,-0.514020824,-0.0021322459,0.6145040196,0.6948717773,0.6352942383,0.757010412,0.5010661229,0.3854959804,0.3051282227,0.3647057617,0.242989588,0.4989338771,0,0,,0,0,0,,0,0,0,,0,0,0,,0,0,0,,0,0,0,,0
2026-07-30T16:55:00Z,18.1000003815,-0.0065861107,-0.0066078948,-0,-0.0065861107,0.0071350754,0.00109772,-0.0014833411,-0.0034823246,-0.0033764968,-0.0102209858,-0.0002108477,-0.2,-0.4,-0.3333333333,-0.6,-0.1,0.6,0.7,0.6666666667,0.8,0.55,0.4,0.3,0.3333333333,0.2,0.45,0,0,,0,0,0,,0,0.5,0.05,,0,0.9,0.95,,0.8,-0.4,-0.9,,-0.8,1.0197237232,1.0379281431,1.0550828469,1.0150275886,1.055607712,1.0585635052,1.0790055401,,1.0585635052,0.9988950024,0.9988950024,,0.9988950024,1.0066297751,1.0082872716,1.0204419295,1.0038673864,1.0160220443,1.037016578,1.0558011164,1.0883978093,1.0204419295,1.0917126968,0.1,0.05,0.0333333333,0.2,0.0333333333,-0.0130486881,-0.0048460594,-0.0061236428,0.0054143831,-0.0493877038,-0.0326028184,-0.0741687423,-0.1083743319,-0.0463645512,-0.002754779,0.0643601047,0.7122469244,0.8703876877,0.8028757874,0.0107850777,0.0185189437,0.0137934119,,0.0185189437,0.0167942125,0.0237930318,0.0313255858,0.0161318288,0.0351607072,-0.2319390808,-0.3785897871,-0.3928571793,-0.8979604944,-0.0035485638,0.6159695404,0.6892948935,0.6964285897,0.9489802472,0.5017742819,0.3840304596,0.3107051065,0.3035714103,0.0510197528,0.4982257181,0,0,,0,0,0,,0,0,0,,0,0,0,,0,0,0,,0,0,0,,0
2026-07-30T17:15:00Z,17.8799991608,-0.0121547633,-0.0122292365,-0,-0.0121547633,0,0,-0.0040336255,-0.0036458608,-0.0036245855,-0.0069910518,-0.0004089819,-0.2,-0.4,-0.3333333333,-0.6,-0.1333333333,0.6,0.7,0.6666666667,0.8,0.5666666667,0.4,0.3,0.3333333333,0.2,0.4333333333,0,0,,0,0,0,0,0,0.4,0,0.0666666667,0,0.9,0.95,0.9666666667,0.8,-0.5,-0.95,-0.9,-0.8,1.0302013736,1.0462528332,1.0646719298,1.0161074106,1.068269997,1.0715884087,1.0922819689,1.123042554,1.055369224,1,1,1,1,1.0162192913,1.0201342633,1.0329977729,1.0123043194,1.0285235041,1.0497763612,1.0671141398,1.0961969408,1.0190156694,1.1051454785,0.1,0.05,0.0333333333,0.2,0.0333333333,-0.0120500586,-0.0116171557,-0.0121154402,-0.0021253071,-0.0562050324,-0.0202740186,-0.0816641093,-0.0923858646,-0.0539682793,-0.0191991437,0.3574818562,0.7177030959,0.8862178344,0.8609766738,0.0384368384,0,0,0,0,0.0193774021,0.0248155266,0.0333255501,0.0106552054,0.0361268843,-0.1548122297,-0.4005036936,-0.3486593566,-0.910715563,-0.0245959616,0.5774061149,0.7002518468,0.6743296783,0.9553577815,0.5122979808,0.4225938851,0.2997481532,0.3256703217,0.0446422185,0.4877020192,0,0,0,0,0,0,0,0,0,0,,0,0,0,,0,0,0,,0,0,0,0,0
2026-07-30T17:35:00Z,18.0799999237,0.0111857255,0.0111236279,-0,0.0111857255,0.0011185939,0,-0.0048303847,-0.0033996778,-0.0036191896,-0.0028761087,-0.0005664373,-0.2,-0.4,-0.3333333333,-0.2,-0.1333333333,0.6,0.7,0.6666666667,0.6,0.5666666667,0.4,0.3,0.3333333333,0.4,0.4333333333,0,0,0,0,0,0,0,0,0.3,0,0.0333333333,0,0.8,0.9,0.9333333333,0.6,-0.5,-0.9,-0.9,-0.6,1.0166482209,1.0307245488,1.0496497023,1.0005530889,1.0561946932,1.0597345093,1.0790929376,1.1106194695,1.0254425328,0.9889380109,0.9889380109,0.9889380109,0.9889380109,1.00110622,1.0077433291,1.0094026591,1,1.0171459882,1.0381637465,1.0514380702,1.0813052721,1.0049778846,1.0929203713,0.2,0.1,0.0666666667,0.4,0.05,0.0050885104,0.0015723901,0.0028285464,0.0051991286,-0.0394847942,-0.0211152899,-0.0732957606,-0.0887096883,-0.0211152899,-0.0152505816,0.4846658929,0.701111457,0.8896407927,0.3999995486,0.0739358587,0.1562505122,0.1226997742,0.0909094062,0.3030306533,0.01992909,0.0234120827,0.0332118608,0.0064311783,0.0360765124,-0.1645567787,-0.3462469577,-0.3333333333,-0.4382018619,-0.0195804765,0.5822783893,0.6731234789,0.6666666667,0.719100931,0.5097902382,0.4177216107,0.3268765211,0.3333333333,0.280899069,0.4902097618,0,0,0,0,0,0,0,0,0,0,0,0,0,0,0,0,0,0,0,0,0,0,0,0
2026-07-30T17:55:00Z,17.9599990845,-0.0066372146,-0.0066593388,-0.00055311,-0.0060874716,0,0.0038738072,-0.0066646455,-0.0033491311,-0.0036547678,-0.0030066868,-0.0007405397,-0.2,-0.4,-0.4,-0.2,-0.1666666667,0.6,0.7,0.7,0.6,0.5833333333,0.4,0.3,0.3,0.4,0.4166666667,0,0,0,0,0,0,0,0,0.2,0,0,0.2,0.7,0.85,0.9,0.4,-0.5,-0.85,-0.9,-0.2,1.0218819946,1.0337973646,1.0530624063,1.0048998047,1.0628526878,1.0668151907,1.0785078968,1.1180401418,1.0217149954,0.995545661,0.995545661,0.995545661,0.995545661,1.0066815615,1.0116927062,1.0155902395,1,1.0233853061,1.0451003015,1.0567929014,1.0868597691,1.0077951728,1.100222786,0.2,0.1,0.0666666667,0.4,0.05,0.0081089103,-0.001980619,-0.0000682737,0.0011135688,-0.0410067653,-0.015350915,-0.0708743324,-0.0974874659,-0.0115575669,-0.0233822903,0.8164110676,0.6946533078,0.8903181135,0.4209006516,0.1209606705,0.0624999069,0.0536911635,0.0363635891,0.1702121615,0.0211860302,0.0231709543,0.033525588,0.0065541048,0.0368745374,-0.1238940966,-0.3366094103,-0.36329584,-0.2957756316,-0.0298818928,0.5619470483,0.6683047052,0.68164792,0.6478878158,0.5149409464,0.4380529517,0.3316952948,0.31835208,0.3521121842,0.4850590536,0,0,0,0,0,0,0,0,0,0,0,0,0,0,0,0,0,0,0,0,0,0,0,0
2026-07-30T18:15:00Z,17.9200000763,-0.0022271164,-0.0022296001,0.0005568056,-0.0027823728,0.0011129916,0.0016694874,-0.0064461572,-0.0033587044,-0.0036636702,-0.0015625038,-0.0009265661,-0.4,-0.4,-0.4,-0.6,-0.1666666667,0.7,0.7,0.7,0.8,0.5833333333,0.3,0.3,0.3,0.2,0.4166666667,0,0,0,0,0,0,0,0,0.1,0,0.0333333333,0,0.6,0.8,0.8666666667,0.2,-0.5,-0.8,-0.8333333333,-0.2,1.0194196189,1.0326729724,1.051841505,1.0037946233,1.0648995468,1.0691964155,1.0714286094,1.1082589579,1.0239955526,0.9977678061,0.9977678061,0.9977678061,0.9977678061,1.0022320875,1.0100446598,1.0167410288,1,1.0256695917,1.0306919216,1.0585937072,1.0887276867,1.0089285629,1.1026785795,0.2,0.1,0.0666666667,0.4,0.05,0.0095880883,-0.0007652811,0.001281713,-0.0006696156,-0.0375658454,-0.0452850485,-0.0642297424,-0.0967741966,-0.0164653814,-0.0191571085,0.7924640415,0.6949049368,0.8903658898,0.2058817755,0.1836811828,0.0312506985,0.0303036871,0.0202024678,0.0851081099,0.0207987905,0.0232329792,0.0336063494,0.0048699795,0.0374407377,-0.4802265975,-0.3129769585,-0.3609021613,-0.4285698716,-0.0244584548,0.7401132988,0.6564884792,0.6804510806,0.7142849358,0.5122292274,0.2598867012,0.3435115208,0.3195489194,0.2857150642,0.4877707726,0,0,0,0,0,0,0,0,0,0,0,0,0,0,0,0,0,0,0,0,0,0,0,0
2026-07-30T18:35:00Z,17.8500003815,-0.003906233,-0.0039138822,-0,-0.003906233,0,0.0027902424,-0.0050895482,-0.0033883026,-0.0037103168,-0.0012324784,-0.00111114,-0.6,-0.4,-0.4,-0.6,-0.2,0.8,0.7,0.7,0.8,0.6,0.2,0.3,0.3,0.2,0.4,0,0,0,0,0,0,0,0,0,0.5,0,0.2,0.9,0.95,0.9666666667,0.8,-0.9,-0.45,-0.9666666667,-0.6,1.017086798,1.0332772758,1.0525116397,1.0049299351,1.0685900772,1.0733893243,1.0733893243,1.1126050524,1.0140056019,0.9971988155,0.9971988155,0.9971988155,0.9971988155,1.0039215514,1.0128851281,1.0179271534,1.0016806038,1.0296918077,1.020728231,1.0588234854,1.0907562407,1.0061623922,1.1070027903,0.1,0.05,0.0333333333,0.2,0.0333333333,0.0058161688,-0.0010884007,0.001287954,-0.0024649782,-0.0358114474,-0.0595363113,-0.0644653851,-0.0939086452,-0.0138121544,-0.0283070459,0.7327512473,0.6968710071,0.8929547118,0.1508694223,0.2526655609,0.0367655309,0.0367655309,0.024272384,0.1666698456,0.0170776427,0.0234046322,0.0339848611,0.004487389,0.0382821266,-0.6932513758,-0.3129769585,-0.352380897,-0.3846144817,-0.0364146107,0.8466256879,0.6564884792,0.6761904485,0.6923072409,0.5182073054,0.1533743121,0.3435115208,0.3238095515,0.3076927591,0.4817926946,0,0,0,0,0,0,0,0,0,0,0,0,0,0,0,0,0,0,0,0,0,0,0,0
2026-07-30T18:55:00Z,17.6499996185,-0.0112045243,-0.0112677678,0.0005602369,-0.0117581738,0,0,-0.0038938946,-0.0035987993,-0.0037763084,-0.0054957469,-0.0013255811,-0.6,-0.4,-0.4666666667,-0.6,-0.2,0.8,0.7,0.7333333333,0.8,0.6,0.2,0.3,0.2666666667,0.2,0.4,0,0,0,0,0,0,0,0,0,0.45,0,0,0.9,0.95,0.9666666667,0.8,-0.9,-0.5,-0.9666666667,-0.8,1.021529752,1.0412464691,1.0603966118,1.0137110597,1.0800377914,1.0691218837,1.0855524227,1.1223795974,1.0254957945,1,1,1,1,1.0130311358,1.0175637095,1.0254957945,1.0113314882,1.0413597483,1.0294617829,1.0662889576,1.0951841553,1.0175637095,1.1195467794,0.1,0.05,0.0333333333,0.2,0.0166666667,-0.0040072261,-0.0070578755,-0.0056401397,-0.0027195658,-0.0409331497,-0.0661375675,-0.0695835394,-0.1081354825,-0.0128635097,-0.0381471797,0.8238551504,0.7140818262,0.8934210589,0.9308455024,0.3337671959,0,0,0,0,0.0123221287,0.0245572349,0.0345802866,0.0080556933,0.039736057,-0.7142857143,-0.3283580957,-0.3992537858,-0.3650780195,-0.0484094739,0.8571428571,0.6641790478,0.6996268929,0.6825390098,0.5242047369,0.1428571429,0.3358209522,0.3003731071,0.3174609902,0.4757952631,0,0,0,0,0,0,0,0,0,0,0,0,0,0,0,0,0,0,0,0,0,0,0,0
2026-07-30T19:15:00Z,17.5200004578,-0.0073653917,-0.0073926501,0.0005665852,-0.0079274853,0,0.0056625358,-0.0038363056,-0.0036654127,-0.0038967699,-0.0065639137,-0.0015051749,-0.6,-0.5,-0.4666666667,-1,-0.2333333333,0.8,0.75,0.7333333333,1,0.6166666667,0.2,0.25,0.2666666667,0,0.3833333333,0,0,0,0,0,0,0,0,0,0.4,0.0666666667,0,0.9,0.95,0.9666666667,0.8,-0.9,-0.55,-0.9,-0.8,1.0236871792,1.0444348914,1.0643074187,1.0148401518,1.0868340637,1.0582192027,1.0936072687,1.1295662328,1.0313926497,0.9942922158,0.9942922158,0.9942922158,0.9942922158,1.0188356116,1.0228310279,1.031963439,1.0074200432,1.0416666394,1.0331050176,1.0713470301,1.0930364793,1.0228310279,1.1278538649,0.1,0.05,0.0333333333,0.2,0.0166666667,-0.0064238039,-0.0096134708,-0.0078042545,-0.0017123244,-0.0424314036,-0.051434699,-0.0832025171,-0.106122443,-0.0309734219,-0.0680850442,0.8295850203,0.715804962,0.8968601201,0.9352888386,0.3935658417,0.089285988,0.0574714912,0.0421942388,0.153846831,0.0120978925,0.0249816634,0.0356148921,0.0095985357,0.041550722,-0.6551721416,-0.3965089322,-0.3924527311,-1,-0.09052328,0.8275860708,0.6982544661,0.6962263655,1,0.54526164,0.1724139292,0.3017455339,0.3037736345,0,0.45473836,0,0,0,0,0,0,0,0,0,0,0,0,0,0,0,0,0,0,0,0,0,0,0,0
2026-07-30T19:35:00Z,17.4500007629,-0.0039954163,-0.0040034193,-0,-0.0039954163,0.0028538377,0.0017123679,-0.0044699075,-0.0037309585,-0.0040096756,-0.0072779283,-0.0016899794,-0.6,-0.5,-0.4666666667,-1,-0.2333333333,0.8,0.75,0.7333333333,1,0.6166666667,0.2,0.25,0.2666666667,0,0.3833333333,0,0,0,0,0,0,0,0,0.1,0.35,0.0333333333,0,0.8,0.9,0.9333333333,0.6,-0.7,-0.55,-0.9,-0.6,1.0236675722,1.0441546708,1.064622674,1.0130658732,1.0899617466,1.0515759071,1.0979942126,1.1340974241,1.0309455005,0.998280763,0.998280763,0.998280763,0.998280763,1.011461252,1.0246417409,1.0292262636,1.0040114437,1.0452721475,1.0361031022,1.0722062044,1.0951289269,1.0229226132,1.1323781871,0.1,0.05,0.0333333333,0.2,0.0166666667,-0.0035529884,-0.0087105649,-0.006482378,0.0014899835,-0.0401073541,-0.0396257188,-0.0820620435,-0.1060450638,-0.0283963445,-0.0688366608,0.8692778706,0.7184603364,0.9013835529,0.9723289514,0.4574579354,0.0322587923,0.0172417762,0.0126585131,0.0526328118,0.0137703887,0.0253813575,0.0365547354,0.0104379729,0.0432719165,-0.5901637038,-0.3919598977,-0.3913042224,-1,-0.0911660347,0.7950818519,0.6959799489,0.6956521112,1,0.5455830173,0.2049181481,0.3040200511,0.3043478888,0,0.4544169827,0,0,0,0,0,0,0,0,0,0,0,0,0,0,0,0,0,0,0,0,0,0,0,0
2026-07-30T19:55:00Z,17.3400001526,-0.0063037596,-0.0063237122,-0,-0.0063037596,0.0045845226,0.000573079,-0.0047708875,-0.0039341411,-0.0040333157,-0.0070357515,-0.0018888212,-0.8,-0.5,-0.5333333333,-1,-0.2333333333,0.9,0.75,0.7666666667,1,0.6166666667,0.1,0.25,0.2333333333,0,0.3833333333,0,0,0,0,0,0,0,0,0,0.3,0,0,0.9,0.95,0.9666666667,0.8,-0.9,-0.65,-0.9666666667,-0.8,1.0250864962,1.046510938,1.0667627637,1.0128027751,1.0955497784,1.0582468408,1.1049596124,1.1412918536,1.0334486689,0.9994232855,0.9994232855,0.9994232855,0.9994232855,1.0103806403,1.0294117776,1.0334486689,1.0063437491,1.0507496628,1.0357554167,1.0651671944,1.1003460067,1.0178777084,1.1395617102,0.1,0.05,0.0333333333,0.2,0.0166666667,-0.0036175025,-0.0091365974,-0.0082796865,0.0012687278,-0.0398295528,-0.0482985288,-0.0786397219,-0.1215805292,-0.032366067,-0.0737179066,0.8739468696,0.7316698415,0.9014083207,0.9647391274,0.5229788413,0.0098041416,0.0054646062,0.0040651321,0.0169495361,0.0146583009,0.0265208953,0.0367697481,0.0101302588,0.0452323437,-0.6874989755,-0.3794872848,-0.4633201918,-1,-0.0969100809,0.8437494878,0.6897436424,0.7316600959,1,0.5484550405,0.1562505122,0.3102563576,0.2683399041,0,0.4515449595,0,0,0,0,0,0,0,0,0,0,0,0,0,0,0,0,0,0,0,0,0,0,0,0
2026-07-31T07:15:00Z,16.8099994659,-0.0305652066,-0.0310420645,,,,,-0.0067636463,-0.0046646946,-0.0043764666,-0.0110648463,-0.0021714015,-0.8,-0.5,-0.5333333333,-1,-0.2666666667,0.9,0.75,0.7666666667,1,0.6333333333,0.1,0.25,0.2333333333,0,0.3666666667,,,,,,,,,,,,,,,,,,,,,1.0497323301,1.0738548731,1.09496334,1.0323617277,1.1280190714,,,,,,,,,1.0380726542,1.0499702665,1.0636525716,1.0315288937,1.0809042626,1.0660321621,1.0987507377,1.130874529,1.0422368242,1.1754908303,0.1,0.05,0.0333333333,0.2,0.0166666667,-0.0192959219,-0.0295402748,-0.0315045741,-0.010232035,-0.0639627265,-0.0712707673,-0.1015499579,-0.1401534464,-0.0582633554,-0.1105820209,0.8170730709,0.7410258162,0.8887974455,0.8226949795,0.5761903332,,,,,0.0214920287,0.0312465712,0.0401801398,0.0172520601,0.0495401657,-0.7633130485,-0.4398149518,-0.4963765575,-1,-0.143248847,0.8816565243,0.7199074759,0.7481882787,1,0.5716244235,0.1183434757,0.2800925241,0.2518117213,0,0.4283755765,,,,,,,,,,,,,,,,,,,,,,,,
2026-07-31T07:35:00Z,16.8500003815,0.0023795905,0.0023767638,-0,0.0023795905,0.0029743747,0.0017845794,-0.0083985218,-0.0054862656,-0.0045266248,-0.0117507502,-0.0023910371,-0.6,-0.4,-0.4666666667,-0.6,-0.2333333333,0.8,0.7,0.7333333333,0.8,0.6166666667,0.2,0.3,0.2666666667,0.2,0.3833333333,,,,,,,,,,,,,,,,,,,,,1.0411275747,1.067151303,1.0871809761,1.0204154217,1.1234421103,,,,,,,,,1.0290801045,1.0397626149,1.0593471797,1,1.0741839746,1.0635014641,1.0961423677,1.1264094429,1.0356083304,1.1727002838,0.2,0.1,0.0666666667,0.4,0.0333333333,-0.0033342264,-0.0150317795,-0.0215449167,0.0030860787,-0.0529065162,-0.0576061984,-0.0767123079,-0.1345659489,-0.0453257368,-0.1022908913,0.9292347408,0.8327848728,0.8865707637,0.8542661491,0.6353677632,,,,,0.0250245981,0.0346662003,0.0416108912,0.0179797642,0.0519486212,-0.6821174319,-0.3589742963,-0.478101702,-0.9090889387,-0.1324138158,0.8410587159,0.6794871481,0.739050851,0.9545444693,0.5662069079,0.1589412841,0.3205128519,0.260949149,0.0454555307,0.4337930921,,,,,,,,,,,,,,,,,,,,,,,,
2026-07-31T07:55:00Z,16.8400001526,-0.0005934854,-0.0005936616,0.0005934854,-0.0011862667,0.0023724203,0.0011862667,-0.0085546645,-0.0059998555,-0.0046081809,-0.0101544001,-0.0025596813,-0.8,-0.5,-0.5333333333,-0.6,-0.2666666667,0.9,0.75,0.7666666667,0.8,0.6333333333,0.1,0.25,0.2333333333,0.2,0.3666666667,,,,,,,,,,,,,,,,,,,,,1.0343824166,1.0629453529,1.0825415496,1.0129453699,1.1216844697,,,,,,,,,1.0005938378,1.0362233138,1.0480997303,1,1.07363419,1.0599762601,1.0831353685,1.1264845096,1.0296912111,1.1733966775,0.2,0.1,0.0666666667,0.4,0.0333333333,0.0041135735,-0.0059467256,-0.0157229263,0.0073634303,-0.0461738704,-0.0685840584,-0.088251176,-0.1368528983,-0.0388128018,-0.1270088464,0.935560307,0.8753307589,0.8858021758,0.7585602109,0.6672279244,,,,,0.0254035295,0.0369786048,0.0423789676,0.0164882377,0.0542686595,-0.9393926258,-0.441734126,-0.4899080308,-0.8947347287,-0.1751251706,0.9696963129,0.720867063,0.7449540154,0.9473673644,0.5875625853,0.0303036871,0.279132937,0.2550459846,0.0526326356,0.4124374147,,,,,,,,,,,,,,,,,,,,,,,,
2026-07-31T08:15:00Z,16.75,-0.0053444271,-0.0053587596,-0,-0.0053444271,0.0047505893,0,-0.0086259618,-0.0066924011,-0.0047500863,-0.0068656694,-0.0027118813,-0.8,-0.5,-0.5333333333,-0.6,-0.3,0.9,0.75,0.7666666667,0.8,0.65,0.1,0.25,0.2333333333,0.2,0.35,,,,,,,,,,,,,,,,,,,,,1.0327164266,1.0642089502,1.0832238724,1.0100298526,1.1248855705,,,,,,,,,1.0053731434,1.0352238897,1.0459701766,1.0035820577,1.0722387513,1.0537313205,1.087761153,1.1283581862,1.005970172,1.1797015062,0.1,0.05,0.0333333333,0.2,0.0166666667,0.0061004018,-0.0006311396,-0.0143476204,0.0037014862,-0.0448850732,-0.0673718901,-0.081688585,-0.1334712847,-0.0401146551,-0.1449719311,0.9367434312,0.9440581147,0.8871241765,0.5783182388,0.6868069744,,,,,0.0255990695,0.0397171816,0.0436514344,0.012767752,0.0566700535,-0.9379831207,-0.4197181101,-0.4813430433,-0.897433891,-0.2060958203,0.9689915604,0.709859055,0.7406715216,0.9487169455,0.6030479102,0.0310084396,0.290140945,0.2593284784,0.0512830545,0.3969520898,,,,,,,,,,,,,,,,,,,,,,,,
2026-07-31T08:35:00Z,16.7800006866,0.0017910858,0.0017894837,-0,0.0017910858,0.0023880005,0.0005970286,-0.007823165,-0.006681779,-0.0048525631,-0.0009535038,-0.0028157239,-0.6,-0.5,-0.4666666667,-0.2,-0.3,0.8,0.75,0.7333333333,0.6,0.65,0.2,0.25,0.2666666667,0.4,0.35,,,,,,,,,,,,,,,,,,,,,1.0240762517,1.0563765913,1.0765792109,1.0015494308,1.1199145338,,,,,,,,,1.0017877698,1.0041716145,1.0399284892,1,1.0679379823,1.0441001037,1.0828366706,1.1215732375,1.0035756534,1.176400415,0.2,0.1,0.0666666667,0.4,0.0333333333,0.011127991,0.0071003088,-0.0062170465,0.0003575767,-0.0368506778,-0.0636160371,-0.1060202303,-0.1237597378,-0.03229524,-0.1508096917,0.8941177641,0.9441196411,0.8923430039,0.3699324588,0.7008054789,,,,,0.023763593,0.0396528505,0.0444625636,0.0022170536,0.0582494231,-0.8906227183,-0.6524586965,-0.4548939756,-0.7999961853,-0.2184750495,0.9453113591,0.8262293483,0.7274469878,0.8999980927,0.6092375248,0.0546886409,0.1737706517,0.2725530122,0.1000019073,0.3907624752,,,,,,,,,,,,,,,,,,,,,,,,
2026-07-31T08:55:00Z,16.7199993134,-0.003575767,-0.0035821754,0.0011918087,-0.0047619004,0.0005952517,0.0005952517,-0.0067094406,-0.0063810827,-0.0049703013,-0.0019138853,-0.0029227786,-0.6,-0.6,-0.4666666667,-0.2,-0.3333333333,0.8,0.8,0.7333333333,0.6,0.6666666667,0.2,0.2,0.2666666667,0.4,0.3333333333,,,,,,,,0,,,,0.4,,,,0.8,,,,-0.4,1.0209928708,1.0534091292,1.0757376764,1.0040670333,1.1208234092,,,,1.0119617686,,,,0.9994019002,1.003588599,1.007177084,1.0370813914,1.0017942995,1.0693779842,1.0436603756,1.0825359524,1.122607729,1.007177084,1.1794258447,0.1,0.05,0.0333333333,0.2,0.0166666667,0.009199612,0.0072111568,-0.0036683074,-0.0002392628,-0.0346014406,-0.0633053806,-0.119072723,-0.1236897599,-0.0053539652,-0.1572581056,0.8413021323,0.9416762388,0.8976046426,0.8075697935,0.7120340615,,,,0.0476199126,0.0210105438,0.0379174737,0.0454076886,0.0030119022,0.059985438,-0.8897616273,-0.7793095011,-0.4538458717,-0.3912993001,-0.2290749374,0.9448808136,0.8896547506,0.7269229358,0.69564965,0.6145374687,0.0551191864,0.1103452494,0.2730770642,0.30435035,0.3854625313,,,,0,,,,0,,,,,,,,,,,,,,,,0
2026-07-31T09:15:00Z,16.6700000763,-0.0029903851,-0.0029948652,0.0005980998,-0.00358634,0.0011954847,0.0011954847,-0.0057261309,-0.0059893267,-0.0050877026,-0.0022195611,-0.0030263525,-0.6,-0.6,-0.4666666667,-0.6,-0.3333333333,0.8,0.8,0.7333333333,0.8,0.6666666667,0.2,0.2,0.2666666667,0.2,0.3333333333,,,,0,,,,0,,,,0.2,,,,0.8,,,,-0.6,1.0181763688,1.0498800155,1.0743651163,1.0049190143,1.1210457843,,,,1.0149970005,,,,0.9988002125,1.0047990356,1.0083982837,1.0107978587,1.0029993543,1.0707858608,1.040191966,1.0845830738,1.1223754648,1.0065987168,1.1817636876,0.1,0.05,0.0333333333,0.2,0.0166666667,0.0075912205,0.0070185885,-0.000593429,-0.0004798921,-0.0317683866,-0.0555240546,-0.1179893962,-0.1212440338,-0.0106825105,-0.1585057786,0.7800918949,0.9439203716,0.9041079375,0.8409079086,0.7231671801,,,,0.0740756439,0.0186215302,0.0355472617,0.0463127741,0.0034230078,0.0616311758,-0.8749974455,-0.7770025812,-0.4474703897,-0.7499960264,-0.2302052441,0.9374987228,0.8885012906,0.7237351949,0.8749980132,0.6151026221,0.0625012772,0.1114987094,0.2762648051,0.1250019868,0.3848973779,,,,0,,,,0,,,,0,,,,0,,,,0,,,,0
2026-07-31T09:35:00Z,16.8899993896,0.0131973193,0.0131109933,0.0011997875,0.0119831545,0.0005991749,0.0011983497,-0.0037605229,-0.0055231325,-0.0049208015,0.0010065019,-0.0030428,-0.4,-0.5,-0.4666666667,-0.2,-0.3333333333,0.7,0.75,0.7333333333,0.6,0.6666666667,0.3,0.25,0.2666666667,0.4,0.3333333333,,,,0,,,,0,,,,0,,,,0.6,,,,-0.6,1.0011841711,1.031527565,1.0559897675,0.9924215808,1.103503096,,,,1.0017762397,,,,0.9857904216,0.9917111075,0.9952634739,0.9976317934,0.9899348678,1.0473653744,1,1.0633510795,1.0935464761,0.9934873471,1.1663707208,0.8,0.4,0.2666666667,1,0.1333333333,0.015738182,0.0209421935,0.0153618542,0.0055654154,-0.013740495,-0.0359589641,-0.0855441247,-0.1161696049,0.0029690758,-0.1499749031,0.5269468836,0.9136409951,0.8965815826,0.1067188746,0.7310038151,,,,0.8888865341,0.0148796184,0.0333191179,0.0449811094,0.004357215,0.0616330828,-0.5206607923,-0.5939845419,-0.4252874907,0.1111092273,-0.2159421758,0.7603303961,0.7969922709,0.7126437454,0.4444453863,0.6079710879,0.2396696039,0.2030077291,0.2873562546,0.5555546137,0.3920289121,,,,0,,,,0,,,,0,,,,0,,,,0,,,,0
2026-07-31T09:55:00Z,16.8500003815,-0.0023682066,-0.0023710152,-0.0011840468,-0.0011855635,0.0005926687,0.0029639088,-0.0018271744,-0.0053211652,-0.0048292354,0.0018397594,-0.0030960629,-0.4,-0.5,-0.4666666667,-0.2,-0.3666666667,0.7,0.75,0.7333333333,0.6,0.6833333333,0.3,0.25,0.2666666667,0.4,0.3166666667,,,,0,,,,0,,,,0.6,,,,0.4,,,,0.2,0.9999999774,1.0300593214,1.0542235093,0.9959643673,1.1030959173,,,,1.0029673137,,,,0.9881305188,0.9940652594,0.9976260585,1,0.9922848033,1.0474776985,1,1.0635014641,1.0961423677,1,1.1632047441,0.8,0.4,0.2666666667,0.8,0.1333333333,0.0082223076,0.0204917479,0.0158004034,0.0003561139,-0.0117620613,-0.0343839745,-0.0726472036,-0.1136243988,0.005970172,-0.1536915866,0.2542302303,0.8886643162,0.8883246775,0.2940627661,0.7370967147,,,,0.8000030518,0.0104086256,0.0325487036,0.0443487855,0.0047979532,0.0624522141,-0.5084739462,-0.5499995232,-0.418604634,0.2500011921,-0.2217391346,0.7542369731,0.7749997616,0.709302317,0.374999404,0.6108695673,0.2457630269,0.2250002384,0.290697683,0.625000596,0.3891304327,,,,0,,,,0,,,,0,,,,0,,,,0,,,,0
2026-07-31T10:15:00Z,16.7800006866,-0.0041542845,-0.0041629375,0.0011869708,-0.0053349228,0.0017782322,0,-0.0001155755,-0.005021641,-0.004793432,0.0017878608,-0.0031226227,-0.4,-0.6,-0.4666666667,-0.6,-0.4,0.7,0.8,0.7333333333,0.8,0.7,0.3,0.2,0.2666666667,0.2,0.3,,,,0,,,,0,,,,0.8,,,,0.2,,,,0.6,1.0008342888,1.0300655137,1.0545688822,1.0001191468,1.1043007073,,,,1.0071513067,,,,0.9922526184,0.9982121165,1,1.0035756534,0.996424233,1.0441001037,1.0041716145,1.0655541376,1.0876042463,1.0041716145,1.1656733412,0.5,0.25,0.1666666667,0.6,0.0833333333,-0.0003141989,0.0176400756,0.0149358822,-0.0036948683,-0.0121833373,-0.03229524,-0.0790339561,-0.1083952732,0,-0.1693069281,0.0075607035,0.858660738,0.8830714404,0.2754035233,0.7383612432,,,,0.5200042725,0.0038177875,0.0312486084,0.0441507287,0.0048179684,0.0629340047,-0.4912270428,-0.5950402671,-0.4047617876,0,-0.2518410203,0.7456135214,0.7975201335,0.7023808938,0.5,0.6259205102,0.2543864786,0.2024798665,0.2976191062,0.5,0.3740794898,,,,0,,,,0,,,,0,,,,0,,,,0,,,,0
2026-07-31T10:35:00Z,16.8099994659,0.0017877698,0.0017861737,-0,0.0017877698,0.0011919223,0.0023838447,-0.0000000021,-0.0046499345,-0.0047086484,0.0010113033,-0.0031416455,-0.2,-0.5,-0.4,-0.2,-0.3666666667,0.6,0.75,0.7,0.6,0.6833333333,0.4,0.25,0.3,0.4,0.3166666667,,,,0,0,,,0,0.2,,,0.6,0.5,,,0,-0.3,,,0.6,0.9990482205,1.0243902753,1.0489193223,0.9994051478,1.0992167673,1.0065437605,,,1.0053539652,0.9904818648,,,0.9904818648,0.9964307277,0.9982154206,1,0.9982154206,1.0380726542,1.0023795905,1.0618679922,1.0850684325,1.0023795905,1.1629982069,0.6,0.35,0.2333333333,0.6,0.1166666667,0.0009517888,0.0197841028,0.0193560797,-0.0014277543,-0.0065382256,0,-0.0712707673,-0.1015499579,0.0053827845,-0.1573935427,0,0.8165597202,0.8745338678,0.1032148565,0.74143071,0.5925910228,,,0.6399993896,0.0038109744,0.0296721275,0.0435809979,0.004451694,0.0631861931,0,-0.5536480265,-0.3830646572,0.2195146914,-0.2350301271,0.5,0.7768240133,0.6915323286,0.3902426543,0.6175150636,0.5,0.2231759867,0.3084676714,0.6097573457,0.3824849364,0,,,0,0,,,0,,,,0,,,,0,,,,0,0,,,0
2026-07-31T10:55:00Z,16.8199996948,0.0005948976,0.0005947208,-0.0005948976,0.0011905035,0.0011905035,0.0017856417,0.0003062713,-0.0043673394,-0.0047641777,-0.0010701564,-0.0031761863,-0.2,-0.4,-0.3333333333,0.2,-0.3333333333,0.6,0.7,0.6666666667,0.4,0.6666666667,0.4,0.3,0.3333333333,0.6,0.3333333333,0,,,0,0,,,0,0.1,,,0.4,0.4,,,0,-0.3,,,0.4,0.9982758793,1.0206302211,1.0454617651,1.0005945439,1.0956896717,1.005945326,,,1.0047562381,0.9898929798,,,0.9910820677,0.9958383058,0.9976219376,0.9994054561,0.9994054561,1.0309156045,1.0011890879,1.049346013,1.0832342238,1.0017836318,1.160523235,0.7,0.4,0.2666666667,0.6,0.1333333333,0.0003459,0.0208595031,0.0236188122,0.0015457689,-0.0019921758,-0.0017804561,-0.0592840892,-0.0783561811,0.0089981774,-0.1470588093,0.0568815088,0.7727045069,0.8847961555,0.4628652706,0.7469703331,0.6296288447,,,0.6521735525,0.0036884822,0.0286487742,0.0438384879,0.002224513,0.0636435787,-0.0491815581,-0.4999995502,-0.3170733564,0.4054076346,-0.2207002295,0.524590779,0.7499997751,0.6585366782,0.2972961827,0.6103501148,0.475409221,0.2500002249,0.3414633218,0.7027038173,0.3896498852,0,,,0,0,,,0,0,,,0,0,,,0,0,,,0,0,,,0
2026-07-31T11:15:00Z,16.8799991608,0.0035671502,0.003560803,-0.0011890879,0.0047619004,0.0035715105,0.0047619004,0.0007862951,-0.0037406916,-0.0046548561,0.0005923968,-0.0032299819,0,-0.4,-0.3333333333,0.2,-0.3,0.5,0.7,0.6666666667,0.4,0.65,0.5,0.3,0.3333333333,0.6,0.35,0,,,0,0,,,0,0.9,,,0.8,0.3,,,0.8,0.6,,,0,0.9949644977,1.0134479159,1.0386058908,0.9969194736,1.0894254048,1.0035545839,,,1.0035545839,0.986374434,,,0.9905213356,0.9922986275,0.9940759195,0.9958530984,0.9958530984,1.0005924307,0.998222821,1.0379147707,1.076421859,0.998222821,1.1563981889,0.9,0.6,0.4,1,0.2,0.0014971742,0.0220886544,0.0288895222,0.0018957329,0.0058590602,0.002375238,-0.0663717239,-0.0860855556,-0.0005920799,-0.1244814025,0.3314380748,0.693926849,0.870521034,0.1700595979,0.76051459,0.793099366,,,0.7272679983,0.0039229373,0.0258935075,0.0431823074,0.002031548,0.0641426073,0.060604747,-0.6060611315,-0.3655174047,-0.0476207777,-0.1880879748,0.4696976265,0.8030305658,0.6827587023,0.5238103888,0.5940439874,0.5303023735,0.1969694342,0.3172412977,0.4761896112,0.4059560126,0,,,0,0,,,0,0,,,0,0,,,0,0,,,0,0,,,0
2026-07-31T11:35:00Z,17.0100002289,0.0077014855,0.0076719804,-0,0.0077014855,0,0.001777179,0.0012933545,-0.0030017739,-0.0045299529,0.003115807,-0.0032216148,0.2,-0.3,-0.2666666667,0.6,-0.3,0.4,0.65,0.6333333333,0.2,0.65,0.6,0.35,0.3666666667,0.8,0.35,0,,,0,0,,,0,0.9,,,0.8,0.2,,,0.6,0.7,,,0.2,0.9888888702,1.002910041,1.0282578686,0.9911816355,1.0786008045,1,,,1,0.9788359432,,,0.9829511516,0.9864785691,0.9864785691,0.9882421658,0.9882421658,0.992945277,0.9923573741,1.025867168,1.0640799611,0.9923573741,1.1469723672,1,0.7,0.4666666667,1,0.2333333333,0.0052910346,0.025606811,0.0374264479,0.0025867504,0.0164368322,0.0155224017,-0.0528952619,-0.0674341863,0.0094955397,-0.1303680627,0.4912029122,0.5670485253,0.8521489275,0.8410140131,0.7636683386,1,,,1,0.0053004664,0.0229860151,0.0424741948,0.0048048953,0.0638442103,0.3714295056,-0.4773864145,-0.289411657,0.533334181,-0.2022204508,0.3142852472,0.7386932072,0.6447058285,0.2333329095,0.6011102254,0.6857147528,0.2613067927,0.3552941715,0.7666670905,0.3988897746,0,,,0,0,,,0,0,,,0,0,,,0,0,,,0,0,,,0
2026-07-31T11:55:00Z,16.9400005341,-0.0041152083,-0.0041236991,-0,-0.0041152083,0.0017637088,0.0011758058,0.0015205207,-0.0023128965,-0.0042375554,0.0026564502,-0.0032717339,0,-0.3,-0.3333333333,0.6,-0.3,0.5,0.65,0.6666666667,0.2,0.65,0.5,0.35,0.3333333333,0.8,0.35,0,,,0,0,,,0,0.9,,,0.8,0.1,,,0.4,0.8,,,0.4,0.993919679,1.0041617186,1.0289059052,0.9971664276,1.0806965384,1.0059032101,,,1.0059032101,0.9828807021,,,0.9870129154,0.990554909,0.990554909,0.9923257932,0.9929161254,0.9970483387,0.9970483387,1.0236127276,1.0672963019,1,1.1517119016,0.9,0.7,0.4666666667,0.8,0.2333333333,-0.0007620223,0.0178107978,0.0325386485,-0.002479328,0.0158196111,0.0095351514,-0.0546874742,-0.0974959978,0.0095351514,-0.1240951189,0.6000981247,0.4470936808,0.8147530604,0.7160557401,0.7713606361,0.7435896182,,,0.6875003725,0.0056377808,0.0199458593,0.0406341906,0.004439594,0.0645133413,0.2162166342,-0.4851481783,-0.4828497105,0.533334181,-0.1926163854,0.3918916829,0.7425740891,0.7414248552,0.2333329095,0.5963081927,0.6081083171,0.2574259109,0.2585751448,0.7666670905,0.4036918073,0,,,0,0,,,0,0,,,0,0,,,0,0,,,0,0,,,0
2026-07-31T12:15:00Z,17.1700000763,0.0135773043,0.0134859586,-0.0005903323,0.0141760051,0,0,0.0021037408,-0.001377206,-0.0036556498,0.0044263374,-0.0033026064,0.2,-0.2,-0.3333333333,0.6,-0.2666666667,0.4,0.6,0.6666666667,0.2,0.6333333333,0.6,0.4,0.3333333333,0.8,0.3666666667,0,,,0,0,,,0,0.9,,,0.8,0,,,0.2,0.9,,,0.6,0.9832265518,0.9887303412,1.0116093879,0.9880023217,1.0647835293,1,,,1,0.969714592,,,0.9737914525,0.979033162,0.9772859995,0.979033162,0.9831100225,0.983692447,0.9866045695,1,1.0460104254,0.99068143,1.1362842249,1,0.8,0.5333333333,1,0.2666666667,0.0073066146,0.0243531158,0.0413975343,0.0031450035,0.0326433602,0.0269139223,-0.0380952544,-0.0953635147,0.0214158609,-0.0793565454,0.6401122039,0.2352164661,0.7523556227,0.7921026075,0.7948453337,1,,,1,0.0075525072,0.0163742294,0.0364789411,0.0070334563,0.0641528281,0.4945084888,-0.3119267018,-0.4750655432,0.7200012207,-0.1233333344,0.2527457556,0.6559633509,0.7375327716,0.1399993896,0.5616666672,0.7472542444,0.3440366491,0.2624672284,0.8600006103,0.4383333328,0,,,0,0,,,0,0,,,0,0,,,0,0,,,0,0,,,0
2026-07-31T12:35:00Z,17.2399997711,0.0040768605,0.0040685726,-0.0005824245,0.0046620003,0,0.0046620003,0.0024080723,-0.0005364351,-0.0030768908,0.0051044146,-0.0033787101,0.4,-0.1,-0.2666666667,0.6,-0.2333333333,0.3,0.55,0.6333333333,0.2,0.6166666667,0.7,0.45,0.3666666667,0.8,0.3833333333,0,,,0,0,,,0,0.9,,,0.8,0,,,0,0.9,,,0.8,0.9825406128,0.9835266976,1.0042923532,0.9888631195,1.0593580935,1,,,1,0.9669373723,,,0.9698375601,0.9756380463,0.9733179182,0.9750579866,0.9825986519,0.9796983535,0.9866589591,0.9959396928,1.0394431737,0.9959396928,1.1316705619,1,0.85,0.5666666667,1,0.2833333333,0.006623062,0.021569436,0.040322564,0.0009280512,0.0403138531,0.0341931429,-0.0232294536,-0.0878306815,0.0249702785,-0.0620239087,0.649593311,0.0478642454,0.6762930266,0.8319738017,0.8267126523,1,,,1,0.0085817472,0.0141386328,0.032384251,0.0079141835,0.0643537609,0.6129052106,-0.2,-0.4368421528,0.7500008515,-0.0966101552,0.1935473947,0.6,0.7184210764,0.1249995743,0.5483050776,0.8064526053,0.4,0.2815789236,0.8750004257,0.4516949224,0,,,0,0,,,0,0,,,0,0,,,0,0,,,0,0,,,0
2026-07-31T12:55:00Z,17.2700004578,0.0017401791,0.0017386667,0.0005800597,0.0011594468,0.0011594468,0.0028985065,0.0032601641,0.000239887,-0.0026263494,0.0047481162,-0.0035234003,0.4,0,-0.2,0.6,-0.2,0.3,0.5,0.6,0.2,0.6,0.7,0.5,0.4,0.8,0.4,0,,,0,0,,,0,0.9,,,0.8,0.4,,,0,0.5,,,0.8,0.9830341399,0.9810943597,1.0002315877,0.9916618274,1.0571124959,1.0011581041,,,1.0011581041,0.9681528008,,,0.9756803668,0.9739432107,0.971627113,0.9733641587,0.9849449785,0.9779964645,0.9942095901,0.9942095901,1.0353212905,0.9982628439,1.1297046735,1,0.9,0.6,1,0.3,0.0022951216,0.0166267137,0.0378504788,-0.0011580599,0.0468278141,0.0224985839,-0.014269406,-0.0649701624,0.0231043434,-0.0237422308,0.8392780738,0.0118194487,0.5802310086,0.8031543573,0.8942353674,0.9649115762,,,0.9545444693,0.0102214733,0.0127234223,0.0298429163,0.0074926739,0.0645262418,0.5135164393,-0.128205078,-0.3529408795,0.7358505504,-0.0377019902,0.2432417803,0.564102539,0.6764704397,0.1320747248,0.5188509951,0.7567582197,0.435897461,0.3235295603,0.8679252752,0.4811490049,0,,,0,0,,,0,0,,,0,0,,,0,0,,,0,0,,,0
2026-07-31T13:15:00Z,17.0400009155,-0.0133178654,-0.0134073435,-0.000579052,-0.0127461941,0.0011587751,0.0005793875,0.0030089671,0.0007933575,-0.002387759,0.00176057,-0.0036527977,0.4,0,-0.2,0.2,-0.2333333333,0.3,0.5,0.6,0.4,0.6166666667,0.7,0.5,0.4,0.6,0.3833333333,0,,,0,0,,,0,0.8,,,0.6,0.3,,,0,0.5,,,0.6,0.9974177926,0.9931337524,1.0115218552,1.0053990276,1.0698454018,1.0146713607,,,1.0146713607,0.9812205643,,,0.9929576976,0.9870891309,0.9847417714,0.9865022631,1,0.991197094,1.0076290583,1,1.0475351774,1.0117370214,1.1449530036,0.7,0.8,0.5333333333,0.4,0.2666666667,-0.0109581447,-0.0006706486,0.0231006506,-0.0089201676,0.0379121315,0.0112759958,-0.0234956922,-0.0621903773,0.0017637088,-0.0843632264,0.7331124355,0.1711700181,0.5183352586,0.116160331,0.9194866031,0.5614047416,,,0.3243258569,0.0100939029,0.0110573461,0.0287061098,0.0073053222,0.0659710236,0.2043020015,-0.1943126677,-0.3393390951,0.047620201,-0.1502392491,0.3978489993,0.5971563338,0.6696695475,0.4761898995,0.5751196246,0.6021510007,0.4028436662,0.3303304525,0.5238101005,0.4248803754,0,,,0,0,,,0,0,,,0,0,,,0,0,,,0,0,,,0
2026-07-31T13:35:00Z,17.0599994659,0.0011736238,0.0011729356,-0.0005868679,0.0017615254,0,0.0229008386,0.0023659858,0.0012930926,-0.0020539948,-0.0024618997,-0.0036020166,0.6,0.1,-0.2,0.6,-0.2333333333,0.2,0.45,0.6,0.2,0.6166666667,0.8,0.55,0.4,0.8,0.3833333333,0,,,0,0,,,0,0.7,,,0.4,0.9,,,0.8,-0.2,,,-0.4,0.9978898306,0.9911489182,1.0080695906,1.0056272377,1.0658851419,1.0134819142,,,1.0134819142,0.975381003,,,0.975381003,0.9894489853,0.9835874098,0.9853458378,1,0.9900351652,1.0064478672,0.998827752,1.0345838318,1.0105510147,1.1412661151,0.7,0.85,0.5666666667,0.4,0.2833333333,-0.0085367667,-0.0034332979,0.0217133343,-0.0007034382,0.0403743487,0.0166864582,-0.016147675,-0.0636662948,0.007083762,-0.139687366,0.5476331991,0.5873577708,0.4453417621,0.4109977538,0.9120535335,0.6461524467,,,0.6461524467,0.0091832038,0.0097291319,0.0266404683,0.0054308228,0.0653184467,0.3181814241,-0.1386143008,-0.3515151865,0.2068954177,-0.2994596324,0.3409092879,0.5693071504,0.6757575933,0.3965522911,0.6497298162,0.659090712,0.4306928496,0.3242424067,0.6034477089,0.3502701838,0,,,0,0,,,0,0,,,0,0,,,0,0,,,0,0,,,0
2026-07-31T13:55:00Z,17.7800006866,0.0422040588,0.0413377579,0.0052755074,0.036734757,0.0017492,0,0.0037870312,0.0018526354,-0.0014095143,0.0048931429,-0.0032916903,0.6,0.2,-0.1333333333,0.6,-0.2333333333,0.2,0.4,0.5666666667,0.2,0.6166666667,0.8,0.6,0.4333333333,0.8,0.3833333333,0,,,0,0,0,,0,0.9,0.95,,0.8,0.8,0.9,,0.6,0.1,0.05,,0.2,0.9629358514,0.9537401249,0.9666478828,0.9717660063,1.0203599142,1.0016872204,1.0016872204,,1.0016872204,0.9358829442,0.9358829442,,0.9358829442,0.9527558988,0.9437570325,0.9454442529,0.9595049948,0.949943686,0.9696287461,0.9595049948,0.9926883542,0.9713160737,1.0871765566,1,1,0.8333333333,1,0.4166666667,0.020022508,0.0286598385,0.053790075,0.0184477079,0.0767449503,0.0577038222,0.0577038222,-0.0176795408,0.0355271175,-0.1241378643,0.5524183097,0.5759589819,0.2468542826,0.2116138475,0.8794951854,0.9743600194,0.9743600194,,0.9743600194,0.0146349697,0.0140763486,0.0245549123,0.0150428753,0.0607858561,0.6178352925,0.4389147613,-0.0820511717,0.570094191,-0.2652630586,0.1910823537,0.2805426193,0.5410255858,0.2149529045,0.6326315293,0.8089176463,0.7194573807,0.4589744142,0.7850470955,0.3673684707,0,0,,0,0,0,,0,0,,,0,0,,,0,0,,,0,0,0,,0
2026-07-31T14:15:00Z,18.2299995422,0.025309271,0.0249942949,0.0005624425,0.0247329176,0.026419404,0.0022485055,0.0059110042,0.0027109743,-0.0007434357,0.014591322,-0.0030576696,0.6,0.2,-0.0666666667,0.6,-0.2,0.2,0.4,0.5333333333,0.2,0.6,0.8,0.6,0.4666666667,0.8,0.4,0,0,,0,0,0,,0,0.9,0.95,,0.8,0.7,0.85,,0.4,0.2,0.1,,0.4,0.9469007415,0.9339824719,0.9434266117,0.9586396408,0.9938288761,1.0257817462,1.0257817462,,1.0257817462,0.9127811194,0.9127811194,,0.9127811194,0.933077381,0.9204608397,0.9221064119,0.935820071,0.9264947786,0.9473395991,0.9418541145,0.968184315,0.9753154763,1.0504662699,1,1,1,1,0.5666666667,0.0264997398,0.0402632727,0.0673532058,0.0121777151,0.096372377,0.0838287677,0.0818990581,0.0195749663,0.0574245815,-0.0746193484,0.5922286903,0.5873683275,0.0653014411,0.6634282012,0.8267541368,0.7718442197,0.7718442197,,0.7718442197,0.0220619308,0.020396984,0.0251808998,0.0253345197,0.0582374924,0.7014930472,0.5267178351,0.0847458723,0.6827590017,-0.1572194076,0.1492534764,0.2366410824,0.4576270639,0.1586204991,0.5786097038,0.8507465236,0.7633589176,0.5423729361,0.8413795009,0.4213902962,0,0,,0,0,0,,0,0,0,,0,0,0,,0,0,0,,0,0,0,,0
2026-07-31T14:35:00Z,17.5499992371,-0.0373011696,-0.0380146571,0.0065826024,-0.0435967917,0,0.0010898392,0.0055840412,0.0030743525,-0.0002967528,0.0124786143,-0.0030628008,0.4,0.2,-0.1333333333,0.2,-0.2333333333,0.3,0.4,0.5666666667,0.4,0.6166666667,0.7,0.6,0.4333333333,0.6,0.3833333333,0,0,,0,0,0,,0,0.8,0.9,,0.6,0.6,0.8,,0.2,0.2,0.1,,0.4,0.9874074555,0.9721937738,0.9789744021,0.9989744007,1.0301614849,1.0655271553,1.0655271553,,1.0655271553,0.9481481546,0.9481481546,,0.9481481546,0.9709402653,0.9561254368,0.957834769,0.9720797839,0.9623931695,1,0.982336212,1,1.0131054963,1.088888971,0.8,0.9,0.8,0.6,0.4,-0.0125356411,-0.0014001228,0.0253285128,-0.0239316293,0.0601911401,0.0396919496,0.0421614654,-0.0293141974,0.0162130152,-0.1154234324,0.5248292201,0.6497796402,0.0107720512,0.4730430672,0.8011696685,0.4417472043,0.4417472043,,0.4417472043,0.0221394378,0.0219920868,0.0247476961,0.0256584855,0.0592593399,0.254752962,0.215805383,-0.1149676433,0.1333328489,-0.231547124,0.372623519,0.3920973085,0.5574838217,0.4333335755,0.615773562,0.627376481,0.6079026915,0.4425161783,0.5666664245,0.384226438,0,0,,0,0,0,,0,0,0,,0,0,0,,0,0,0,,0,0,0,,0
2026-07-31T14:55:00Z,17.4500007629,-0.005697919,-0.0057142141,-0.000569705,-0.0051311373,0.0096920274,0.010832413,0.004775547,0.0031273029,0.000108876,0.0031518689,-0.0029626343,0.2,0.2,-0.1333333333,0.2,-0.2666666667,0.4,0.4,0.5666666667,0.4,0.6333333333,0.6,0.6,0.4333333333,0.6,0.3666666667,0,0,,0,0,0,,0,0.7,0.85,,0.4,0.5,0.75,,0,0.2,0.1,,0.4,0.9955873573,0.9797707323,0.983610276,1.0093982332,1.0337248808,1.0716332347,1.0716332347,,1.0716332347,0.9535815852,0.9535815852,,0.9535815852,0.9776503565,0.9633237095,0.9633237095,1,0.9679082322,1.0057305713,0.9896847967,1.0040114437,1.0189111696,1.0934096899,0.7,0.85,0.7666666667,0.4,0.3833333333,-0.0170773188,-0.0094801094,0.0148110226,-0.0157019709,0.0536728296,0.025867168,0.0417910903,-0.0283963445,0.0240610226,-0.1231155227,0.4082900434,0.6583725241,0.0015857355,0.0406085508,0.7772612834,0.393204288,0.393204288,,0.393204288,0.0214667205,0.0222243934,0.0236649637,0.0221194536,0.0581962261,0.1692311981,0.2121217376,-0.1111108341,0.208122024,-0.2467270142,0.4153844009,0.3939391312,0.555555417,0.395938988,0.6233635071,0.5846155991,0.6060608688,0.444444583,0.604061012,0.3766364929,0,0,,0,0,0,,0,0,0,,0,0,0,,0,0,0,,0,0,0,,0
2026-07-31T15:15:00Z,17.5400009155,0.0051576016,0.0051443468,-0.000573079,0.0057339667,0.0114678239,0.0034404456,0.0036246173,0.0031867027,0.0005438706,-0.0071835704,-0.0028199423,0.4,0.2,-0.0666666667,0.2,-0.2333333333,0.3,0.4,0.5333333333,0.4,0.6166666667,0.7,0.6,0.4666666667,0.6,0.3833333333,0,0,,0,0,0,,0,0.6,0.8,,0.2,0.4,0.7,,0,0.2,0.1,,0.2,0.9938996165,0.9769098714,0.9778410794,1.0096920926,1.0262352166,1.0661345374,1.0661345374,,1.0661345374,0.9486886272,0.9486886272,,0.9777650355,0.9789053124,0.9589509018,0.9583807633,1,0.9629417621,1.0005700297,0.9948688627,0.9988597231,1.0136829965,1.0838083943,0.7,0.85,0.8333333333,0.4,0.4166666667,-0.0102103944,-0.0071835471,0.014272797,0.0046750483,0.0569530827,0.0354191477,0.0452920261,-0.0212053102,0.0281360765,-0.11592738,0.2761283628,0.6756671355,0.0436934382,0.3994965126,0.7488091173,0.4368936533,0.4368936533,,0.2516135542,0.019812242,0.0223548097,0.0225204305,0.0160730708,0.0564358367,0.2290080393,0.2261908884,-0.0818964153,0.2352949426,-0.2309236394,0.3854959804,0.3869045558,0.5409482076,0.3823525287,0.6154618197,0.6145040196,0.6130954442,0.4590517924,0.6176474713,0.3845381803,0,0,,0,0,0,,0,0,0,,0,0,0,,0,0,0,,0,0,0,,0
2026-07-31T15:35:00Z,17.2800006866,-0.0148232734,-0.014934236,-0.0005701384,-0.0142612658,0.0228180036,0.0017113911,0.0021815406,0.0029753218,0.0008789349,-0.0110532173,-0.002763965,0.2,0.2,-0.0666666667,-0.2,-0.2333333333,0.4,0.4,0.5333333333,0.6,0.6166666667,0.6,0.6,0.4666666667,0.4,0.3833333333,0,0,,0,0,0,,0,0.5,0.75,,0,0.3,0.65,,0.8,0.2,0.1,,-0.8,1.0094907148,0.9932291334,0.9914544419,1.019097195,1.0393421638,1.0821759271,1.0821759271,,1.0821759271,0.9629628894,0.9629628894,,0.9982638492,0.9976851323,0.9751157241,0.9728008564,1.009837967,0.9774304814,1.0156249155,1.009837967,1.009837967,1.0156249155,1.0983795595,0.5,0.75,0.7,0.2,0.35,-0.0193076475,-0.0214946908,-0.0041989973,0.0030092397,0.0421948027,0.0064065585,0.0334929065,-0.0319327553,-0.0281214837,-0.1228426387,0.1010115073,0.6044766804,0.1234816639,0.6917129026,0.7288057356,0.3106800341,0.3106800341,,0.0206901178,0.0197153663,0.0220668325,0.0216493405,0.0187949325,0.0560695336,0.0415097001,0.157304033,-0.1180124076,-0.3164560935,-0.2400793745,0.4792451499,0.4213479835,0.5590062038,0.6582280468,0.6200396872,0.5207548501,0.5786520165,0.4409937962,0.3417719532,0.3799603128,0,0,,0,0,0,,0,0,0,,0,0,0,,0,0,0,,0,0,0,,0
2026-07-31T15:55:00Z,17.2900009155,0.0005787169,0.0005785495,0.0011573235,-0.0005779377,0.0236994142,0.0052023212,0.0009078674,0.0026283197,0.0011437429,-0.0039907269,-0.0026464674,0.2,0.3,0,-0.2,-0.2333333333,0.4,0.35,0.5,0.6,0.6166666667,0.6,0.65,0.5,0.4,0.3833333333,0,0,,0,0,0,,0,0.4,0.7,,0,0.2,0.6,,0.8,0.2,0.1,,-0.8,1.0091960344,0.9944476136,0.9901869621,1.0076344466,1.0363311561,1.0815500158,1.0815500158,,1.0613070798,0.9624059288,0.9624059288,,0.9947946705,0.9988432356,0.9762867708,0.9722382057,1,0.976865153,1.0150374961,1.0092538947,1.0092538947,1.0144592242,1.0971658941,0.5,0.75,0.7333333333,0.4,0.3666666667,-0.0132814378,-0.0194166505,-0.0067712343,0.0003470073,0.0417396316,0.0029002984,0.0371926117,-0.0203965275,-0.0515632831,-0.1263264216,0.0177924974,0.515916517,0.2224480753,0.693212085,0.7066329847,0.315534511,0.315534511,,0.0782610282,0.0195492881,0.0211000894,0.0209895589,0.0067785054,0.0545217632,0.0193054742,0.1761368655,-0.0775859695,-0.8245606403,-0.25,0.4903472629,0.4119315673,0.5387929847,0.9122803202,0.625,0.5096527371,0.5880684327,0.4612070153,0.0877196798,0.375,0,0,,0,0,0,,0,0,0,,0,0,0,,0,0,0,,0,0,0,,0
2026-07-31T16:15:00Z,17.2199993134,-0.0040486754,-0.0040568935,-0.0011567644,-0.0028952602,0.0034742018,0.0057902994,-0.0005068098,0.0023818267,0.0013457983,-0.0041231297,-0.0025581531,0,0.2,0,-0.2,-0.2333333333,0.5,0.4,0.5,0.6,0.6166666667,0.5,0.6,0.5,0.4,0.3833333333,0,0,,0,0,0,,0,0.3,0.65,,0.4,0.1,0.55,,0.8,0.2,0.1,,-0.4,1.0130081847,0.9994483642,0.9936314823,1.0078978636,1.0382404568,1.0859466614,1.0859466614,,1.0412311858,0.9663182377,0.9663182377,,0.9941928875,1,0.9802555072,0.9761904841,1.0034844004,0.9808362406,1.0191637594,1.0133566468,1.0069686901,1.0133566468,1.0975609972,0.3,0.55,0.6333333333,0.2,0.3166666667,-0.0107275406,-0.0220757179,-0.0131455572,0.0003483957,0.0372250591,-0.0028952602,0.0195381845,-0.0171233525,-0.0188034153,-0.1214286236,0.005404621,0.4361867162,0.3177874884,0.7068157508,0.6862706959,0.2815531733,0.2815531733,,0.1234549877,0.0198011019,0.0207955192,0.0206633528,0.0069356773,0.0534784858,-0.019011848,0.0979229125,-0.0655024344,-0.6226405588,-0.2408907703,0.509505924,0.4510385438,0.5327512172,0.8113202794,0.6204453852,0.490494076,0.5489614562,0.4672487828,0.1886797206,0.3795546148,0,0,,0,0,0,,0,0,0,,0,0,0,,0,0,0,,0,0,0,,0
2026-07-31T16:35:00Z,16.9300003052,-0.0168408258,-0.016984245,-0.0011613561,-0.0156977003,0,0.0052325668,-0.0037623693,0.0018497231,0.0014384961,-0.0075605586,-0.0025294806,0,0.2,0,-0.2,-0.2333333333,0.5,0.4,0.5,0.6,0.6166666667,0.5,0.6,0.5,0.4,0.3833333333,0,0,,0,0,0,,0,0.2,0.6,,0.2,0,0.5,,0.8,0.2,0.1,,-0.6,1.0297105652,1.0168044791,1.0096278669,1.0190194989,1.0534750716,1.1045481646,1.1045481646,,1.0590667444,0.9828705901,0.9828705901,,0.994683984,1.0171292973,1,0.9929119411,1.0171292973,0.9976372761,1.0366213184,1.0307147341,1.021264064,1.021264064,1.1116361108,0.1,0.25,0.4666666667,0.2,0.2333333333,-0.0127799034,-0.0343768482,-0.0304860599,-0.0038983817,0.0211446064,-0.0064554345,0.0047477698,-0.0297994519,-0.0297994519,-0.1326844309,0.2651492477,0.2595015861,0.359645833,0.8628620575,0.6738126603,0.1407770496,0.1407770496,,0.0825689358,0.0209866537,0.0209378715,0.0207615793,0.0115106062,0.053365683,-0.0408924411,0.0220994446,-0.1083334459,-0.7222216335,-0.2566898031,0.5204462205,0.4889502777,0.554166723,0.8611108168,0.6283449016,0.4795537795,0.5110497223,0.445833277,0.1388891832,0.3716550984,0,0,,0,0,0,,0,0,0,,0,0,0,,0,0,0,,0,0,0,,0
2026-07-31T16:55:00Z,16.8600006104,-0.0041346541,-0.0041432254,-0,-0.0041346541,0.005316016,0.0017720429,-0.0071066516,0.0011501195,0.0014563443,-0.007117442,-0.002443343,-0.2,0.2,0,-0.6,-0.2666666667,0.6,0.4,0.5,0.8,0.6333333333,0.4,0.6,0.5,0.2,0.3666666667,0,0,,0,0,0,,0,0.1,0.55,,0,0.9,0.45,,0.8,-0.8,0.1,,-0.8,1.0327995058,1.0212633164,1.0128706697,1.0151838521,1.0550019368,1.1091340502,1.1091340502,,1.0634637993,0.9982205999,0.9869512922,,0.9982205999,1.0213522355,1.0041518204,0.9970343332,1.0041518204,1.0011861536,1.040925184,1.0349940766,1.0249110357,1.0249110357,1.1132858706,0.1,0.15,0.4,0.2,0.2,-0.0008195737,-0.0321894516,-0.0339876615,-0.0009489681,0.0170766831,-0.0117232627,0.0047675757,-0.0276816343,-0.0387685445,-0.1458966157,0.8181783361,0.102074607,0.3670097658,0.8565322659,0.6615332806,0.0160431407,0.1067966379,,0.027273342,0.0225666976,0.0207577335,0.0208072393,0.0108759467,0.0520246177,-0.0729922892,0.0220994446,-0.1008402755,-0.9714279486,-0.2897383306,0.5364961446,0.4889502777,0.5504201378,0.9857139743,0.6448691653,0.4635038554,0.5110497223,0.4495798622,0.0142860257,0.3551308347,0,0,,0,0,0,,0,0,0,,0,0,0,,0,0,0,,0,0,0,,0
2026-07-31T17:15:00Z,16.6299991608,-0.0136418411,-0.013735746,0.0005931334,-0.0142265362,0,0,-0.0083019012,0.0002726307,0.0011923455,-0.0101022387,-0.0024115735,-0.4,0.1,0,-0.6,-0.2666666667,0.7,0.45,0.5,0.8,0.6333333333,0.3,0.55,0.5,0.2,0.3666666667,0,0,,0,0,0,0,0,0,0.5,0.6666666667,0,0.9,0.95,0.9666666667,0.8,-0.9,-0.45,-0.3,-0.8,1.0401684316,1.0348467222,1.0265183981,1.0214071508,1.0666667183,1.1244739451,1.1244739451,1.1244739451,1.064942873,1,1,1,1,1.018039757,1.018039757,1.0108238313,1.0138305148,1.0138305148,1.0547204931,1.0493085775,1.0390860829,1.0354780627,1.1250751671,0.1,0.05,0.0333333333,0.2,0.0166666667,-0.0028098762,-0.0374367137,-0.0438074076,-0.0012026734,0.0044746994,-0.0646794984,-0.0107079305,-0.0107079305,-0.0376158275,-0.1493606235,0.8766560267,0.0052025165,0.2313583024,0.9635399497,0.6540359676,0,0,0,0,0.0254677117,0.0217953488,0.0214560013,0.0145545158,0.051641635,-0.5111117893,-0.0471205025,-0.0403588211,-0.9701486589,-0.2925851355,0.7555558946,0.5235602513,0.5201794106,0.9850743294,0.6462925677,0.2444441054,0.4764397487,0.4798205894,0.0149256706,0.3537074323,0,0,0,0,0,0,0,0,0,0,,0,0,0,,0,0,0,,0,0,0,0,0
2026-07-31T17:35:00Z,16.5699996948,-0.0036079055,-0.0036144297,-0,-0.0036079055,0.0024053468,0.0060132523,-0.0069786623,-0.0006488762,0.0009096142,-0.0096560073,-0.0023588323,-0.6,0,-0.0666666667,-1,-0.2666666667,0.8,0.5,0.5333333333,1,0.6333333333,0.2,0.5,0.4666666667,0,0.3666666667,0,0,0,0,0,0,0,0,0,0.45,0.6333333333,0,0.9,0.95,0.9666666667,0.8,-0.9,-0.5,-0.3333333333,-0.8,1.0339167457,1.0378394954,1.0296721217,1.0164152159,1.0676121683,1.1074230971,1.1285456311,1.1285456311,1.0458660376,0.9939649738,0.9939649738,0.9939649738,0.9939649738,1.0175015643,1.0217260481,1.0126735664,1.0036209696,1.0168980502,1.053108092,1.053108092,1.0428485821,1.0217260481,1.1146650364,0.1,0.05,0.0333333333,0.2,0.0166666667,-0.0025127652,-0.0316751711,-0.0428615282,0.0028967987,0.0019733841,-0.0910586884,-0.0148632583,-0.0166172511,-0.0416426364,-0.1489470838,0.9352391036,0.0266780123,0.127039614,0.9485699113,0.6471463912,0.0531916621,0.0448431912,0.0448431912,0.1162794308,0.020727066,0.0229076724,0.0220890425,0.0140209652,0.0507803975,-0.8924727434,-0.064599501,-0.0625001863,-1,-0.2911645913,0.9462363717,0.5322997505,0.5312500931,1,0.6455822957,0.0537636283,0.4677002495,0.4687499069,0,0.3544177043,0,0,0,0,0,0,0,0,0,0,0,0,0,0,0,0,0,0,0,0,0,0,0,0
2026-07-31T17:55:00Z,16.6800003052,0.0066385403,0.0066166022,0.0006035141,0.0060313861,0.0012063002,0.0024124854,-0.0067400697,-0.0013874622,0.000664341,-0.0047362164,-0.002257671,-0.4,0,0,-0.6,-0.2666666667,0.7,0.5,0.5,0.8,0.6333333333,0.3,0.5,0.5,0.2,0.3666666667,0,0,0,0,0,0,0,0,0.2,0.4,0.6,0,0.8,0.9,0.9333333333,0.6,-0.6,-0.5,-0.3333333333,-0.6,1.0218824913,1.0303956753,1.0225619366,1.0032373926,1.0577437839,1.0749400466,1.1211031427,1.1211031427,1.0311750868,0.9874100127,0.9874100127,0.9874100127,0.9874100127,1,1.0149880093,1.0059952266,0.9970023295,1.0101918509,1.0365707793,1.0461630961,1.0359712452,1.010791385,1.1073140873,0.3,0.15,0.1333333333,0.6,0.0666666667,0.0084478224,-0.0172147849,-0.0321948814,0.0062350402,0.00885751,-0.0495725909,-0.011848274,-0.0095011785,-0.0313588287,-0.1450538129,0.9199654156,0.1169139073,0.0670711751,0.6574990092,0.6370776745,0.1438361981,0.0941707871,0.0941707871,0.2876720203,0.0201839245,0.0233982772,0.0222030346,0.0082603602,0.0489851855,-0.674417298,-0.0510201152,-0.0349344796,-0.7105247968,-0.2821535125,0.837208649,0.5255100576,0.5174672398,0.8552623984,0.6410767562,0.162791351,0.4744899424,0.4825327602,0.1447376016,0.3589232438,0,0,0,0,0,0,0,0,0,0,0,0,0,0,0,0,0,0,0,0,0,0,0,0
2026-07-31T18:15:00Z,16.5699996948,-0.0065947607,-0.0066166022,-0,-0.0065947607,0,0.0005995341,-0.0067189774,-0.0020972781,0.0003518966,-0.0031985558,-0.0022062887,-0.4,-0.1,0,-0.6,-0.2666666667,0.7,0.55,0.5,0.8,0.6333333333,0.3,0.45,0.5,0.2,0.3666666667,0,0,0,0,0,0,0,0,0.1,0.35,0.5666666667,0,0.7,0.85,0.9,0.4,-0.6,-0.5,-0.3333333333,-0.4,1.0233554902,1.0359082962,1.0289881544,1.0055522148,1.0619895569,1.0820760794,1.1285456311,1.1285456311,1.0271575601,0.9939649738,0.9939649738,0.9939649738,0.9939649738,1.0036209696,1.0175015643,1.0126735664,1,1.0162945361,1.0428485821,1.053108092,1.0428485821,1.0066385403,1.101388071,0.2,0.1,0.0666666667,0.4,0.0333333333,0.0068799083,-0.0159841541,-0.0340906558,0.0008448968,0.0030959599,-0.0504298584,-0.025867168,-0.0107462869,-0.021264064,-0.1427832509,0.914985207,0.2371803802,0.0179532396,0.4886894254,0.6290008768,0.0684933654,0.0448431912,0.0448431912,0.1818184971,0.0201754449,0.0248320441,0.0227317533,0.0064707178,0.0481766965,-0.6769223095,-0.1128206608,-0.0391305141,-0.620688748,-0.2771084291,0.8384611547,0.5564103304,0.5195652571,0.810344374,0.6385542146,0.1615388453,0.4435896696,0.4804347429,0.189655626,0.3614457854,0,0,0,0,0,0,0,0,0,0,0,0,0,0,0,0,0,0,0,0,0,0,0,0
2026-07-31T18:35:00Z,16.5699996948,-0,-0,0.0006035141,-0.0006031501,0.0024126005,0.0042219358,-0.0056473057,-0.0028246548,0.0000523619,-0.0007241939,-0.0021490745,-0.5,-0.05,-0.0333333333,-0.4,-0.25,0.7,0.5,0.5,0.6,0.6166666667,0.2,0.45,0.4666666667,0.2,0.3666666667,0,0,0,0,0,0,0,0,0,0.3,0.5333333333,0,0.6,0.8,0.8666666667,0.2,-0.6,-0.5,-0.3333333333,-0.2,1.0175015298,1.0347918181,1.0285657022,1.002051902,1.0593945056,1.0820760794,1.1285456311,1.1285456311,1.0181050785,0.9939649738,0.9939649738,0.9939649738,0.9939649738,1,1.0066385403,1.0090524817,1,1.0150875078,1.0392274973,1.053108092,1.0428485821,1.0036209696,1.1007845569,0.3,0.15,0.1,0.6,0.05,0.0079113457,-0.0079575971,-0.0293249496,-0.0006035141,0.0040031909,-0.0553022332,-0.0218418434,-0.0125149573,-0.0172005282,-0.1347258473,0.8668164575,0.3955816701,0.0003834367,0.1451577551,0.6206147357,0.0684933654,0.0448431912,0.0448431912,0.25,0.0174222682,0.0258966229,0.0231450294,0.0026881268,0.0472433539,-0.8016519806,-0.0966059652,-0.0459520992,-0.5686268643,-0.2638036547,0.9008259903,0.5483029826,0.5229760496,0.7843134322,0.6319018273,0.0991740097,0.4516970174,0.4770239504,0.2156865678,0.3680981727,0,0,0,0,0,0,0,0,0,0,0,0,0,0,0,0,0,0,0,0,0,0,0,0
2026-07-31T18:55:00Z,16.4599990845,-0.0066385403,-0.0066606734,0.0006035141,-0.0072376864,0.0012063002,0.0024124854,-0.0053094805,-0.0034168067,-0.0003114035,-0.0020048715,-0.0021152931,-0.5,-0.15,-0.0333333333,-0.4,-0.25,0.7,0.55,0.5,0.6,0.6166666667,0.2,0.4,0.4666666667,0.2,0.3666666667,0,0,0,0,0,0,0,0,0,0.25,0.5,0.2,0.9,0.95,0.9666666667,0.8,-0.9,-0.7,-0.4666666667,-0.6,1.0193196119,1.0395504868,1.0349129796,1.006682905,1.0638214416,1.075941681,1.1360875944,1.1360875944,1.0145809047,0.9975699265,0.9975699265,0.9975699265,0.9975699265,1.006682905,1.0103280733,1.01336581,1.006682905,1.0212636939,1.0285541462,1.0601459133,1.0498178401,1.006682905,1.1075334481,0.1,0.05,0.0333333333,0.2,0.0166666667,0.0045730503,-0.007090823,-0.0303976296,-0.002673162,-0.0014202955,-0.0474537945,-0.0413512515,-0.0155502536,-0.0102224946,-0.1373166064,0.840416136,0.5095222029,0.0127095917,0.45,0.6141005874,0.0310070069,0.0175434194,0.0175434194,0.1428532503,0.016635345,0.0276016268,0.0239081981,0.0042266402,0.0467467146,-0.7735840229,-0.1913748792,-0.0562771421,-0.4358961819,-0.2668024859,0.8867920115,0.5956874396,0.528138571,0.7179480909,0.633401243,0.1132079885,0.4043125604,0.471861429,0.2820519091,0.366598757,0,0,0,0,0,0,0,0,0,0,0,0,0,0,0,0,0,0,0,0,0,0,0,0
2026-07-31T19:15:00Z,16.2000007629,-0.0157957677,-0.0159218503,-0,-0.0157957677,0.0042528315,0,-0.0052338186,-0.0041492636,-0.0008040484,-0.0066049361,-0.0021291575,-0.7,-0.25,-0.0333333333,-0.4,-0.25,0.8,0.6,0.5,0.6,0.6166666667,0.1,0.35,0.4666666667,0.2,0.3666666667,0,0,0,0,0,0,0,0,0,0.2,0.4666666667,0,0.9,0.95,0.9666666667,0.8,-0.9,-0.75,-0.5,-0.8,1.0289505603,1.0530246486,1.0505555094,1.0182715513,1.0780452154,1.0697530313,1.1543209804,1.1543209804,1.0308641961,1,1,1,1,1.0228394392,1.0228394392,1.0296296,1.0160492784,1.0376542392,1.0407407294,1.0771604902,1.0666666588,1.0228394392,1.1246912627,0.1,0.05,0.0333333333,0.2,0.0166666667,-0.0053983765,-0.0136066444,-0.038896808,-0.0050616792,-0.0152350678,-0.0630422264,-0.0603247693,-0.0281943198,-0.0223294471,-0.1460199605,0.8437897899,0.6147767983,0.0732995032,0.8561938838,0.6119903772,0,0,0,0,0.0163654711,0.0305146306,0.0257051939,0.0100947962,0.0471341633,-0.8320603129,-0.2666664384,-0.0973084248,-0.6271166715,-0.2778333742,0.9160301565,0.6333332192,0.5486542124,0.8135583358,0.6389166871,0.0839698435,0.3666667808,0.4513457876,0.1864416642,0.3610833129,0,0,0,0,0,0,0,0,0,0,0,0,0,0,0,0,0,0,0,0,0,0,0,0
2026-07-31T19:35:00Z,16.0599994659,-0.008642055,-0.0086796141,-0,-0.008642055,0.0018517764,0,-0.0050605713,-0.0048666208,-0.0012517027,-0.0086550401,-0.0021173895,-0.7,-0.35,-0.1,-0.8,-0.2833333333,0.8,0.65,0.5333333333,0.8,0.6333333333,0.1,0.3,0.4333333333,0,0.35,0,0,0,0,0,0,0,0,0,0.15,0.4333333333,0,0.9,0.95,0.9666666667,0.8,-0.9,-0.8,-0.5333333333,-0.8,1.0306974115,1.0584371498,1.0579909062,1.0194271659,1.0842777421,1.0709838938,1.1643836479,1.1643836479,1.0386052839,1,1,1,1,1.0249065773,1.0317559306,1.0354918875,1.0087173911,1.0448319579,1.0386052839,1.0865505195,1.0759652093,1.0317559306,1.1313823587,0.1,0.05,0.0333333333,0.2,0.0166666667,-0.0079248406,-0.0122042526,-0.0398412172,-0.0021170858,-0.0218147525,-0.0673635246,-0.0700637498,-0.0491415011,-0.0371703134,-0.1596023572,0.8573396593,0.7043170368,0.149321283,0.9067492556,0.6103761417,0,0,0,0,0.0156982075,0.0334379183,0.0280368716,0.0128540646,0.0469355894,-0.840578949,-0.301745866,-0.1747368962,-1,-0.3059178891,0.9202894745,0.650872933,0.5873684481,1,0.6529589446,0.0797105255,0.349127067,0.4126315519,0,0.3470410554,0,0,0,0,0,0,0,0,0,0,0,0,0,0,0,0,0,0,0,0,0,0,0,0
2026-07-31T19:55:00Z,16.0499992371,-0.0006226793,-0.0006228732,-0,-0.0006226793,0.0018680378,0.0143212671,-0.0052072158,-0.0056730633,-0.0016916,-0.0089719664,-0.0020893825,-0.7,-0.35,-0.1,-0.8,-0.2833333333,0.8,0.65,0.5333333333,0.8,0.6333333333,0.1,0.3,0.4333333333,0,0.35,0,0,0,0,0,0,0,0,0,0.1,0.4,0,0.9,0.95,0.9666666667,0.8,-0.9,-0.85,-0.5666666667,-0.8,1.0258567323,1.0560125098,1.0569886287,1.0135825808,1.081879591,1.060436216,1.1651091372,1.1651091372,1.0355141202,0.9856698098,0.9856698098,0.9856698098,0.9856698098,1.0093458899,1.032398784,1.032398784,1.0006230672,1.0454829585,1.0361370686,1.0872275135,1.076635608,1.025545163,1.1277259341,0.1,0.05,0.0333333333,0.2,0.0166666667,-0.0024242613,-0.0021184083,-0.0324604289,0.0043613519,-0.0202428057,-0.0519787981,-0.0580986869,-0.0474778116,-0.0313820439,-0.1557075727,0.8613031325,0.8332456904,0.239161013,0.9278693061,0.6085128019,0.1916661633,0.0798609225,0.0798609225,0.2874990165,0.016115899,0.0358366098,0.0299393043,0.0131722277,0.0463856241,-0.7999993064,-0.2612141001,-0.1694917925,-1,-0.2995952675,0.8999996532,0.63060705,0.5847458963,1,0.6497976338,0.1000003468,0.36939295,0.4152541037,0,0.3502023662,0,0,0,0,0,0,0,0,0,0,0,0,0,0,0,0,0,0,0,0,0,0,0,0
2026-08-03T07:15:00Z,16.1100006104,0.0037384035,0.003731433,,,,,-0.0047551836,-0.0062871347,-0.0021066239,-0.0052762163,-0.0020560573,-0.5,-0.35,-0.0333333333,-0.6,-0.25,0.7,0.65,0.5,0.8,0.6166666667,0.2,0.3,0.4666666667,0.2,0.3666666667,,,,,,,,,,,,,,,,,,,,,1.0173804562,1.0491309369,1.0516655932,1.0040967858,1.0750465116,,,,,,,,,1,1.0217255407,1.0285536354,0.9968962668,1.0397268383,1.0285536354,1.0831781565,1.0726257003,1.0055866014,1.1222842482,0.3,0.15,0.1,0.6,0.05,0.0040178699,0.0105968426,-0.0211195471,0.0064556467,-0.0143928211,-0.0444839842,-0.0556857494,-0.0399284892,-0.0277609591,-0.1439957029,0.8307310238,0.9392879178,0.3402228174,0.6286973233,0.6058566766,,,,,0.014985252,0.0374066849,0.0312603981,0.0094105885,0.0457457304,-0.6880708901,-0.2480412345,-0.142250517,-0.793099366,-0.277948624,0.8440354451,0.6240206173,0.5711252585,0.896549683,0.638974312,0.1559645549,0.3759793827,0.4288747415,0.103450317,0.361025688,,,,,,,,,,,,,,,,,,,,,,,,
2026-08-03T07:35:00Z,16.1000003815,-0.0006207466,-0.0006209394,-0,-0.0006207466,0.0012413749,0.0018622399,-0.0047468446,-0.0061406629,-0.0025021593,-0.0009316746,-0.0020350198,-0.5,-0.45,-0.1,-0.6,-0.25,0.7,0.7,0.5333333333,0.8,0.6166666667,0.2,0.25,0.4333333333,0.2,0.3666666667,,,,,,,,,,,,,,,,,,,,,1.0147204662,1.0445651938,1.0508488392,1.0002484292,1.0730123957,,,,,,,,,1,1.0062112037,1.0291925032,0.9975154711,1.0385092495,1.0291925032,1.0739130749,1.0732919427,1.0006211322,1.115527867,0.3,0.15,0.1,0.6,0.05,0.0066403345,0.0137711042,-0.0145675295,0.0016149201,-0.012979313,-0.0318700425,-0.0944882025,-0.0422367107,-0.0218711253,-0.1394975324,0.8290542549,0.9295370114,0.4403057818,0.15934447,0.6031964712,,,,,0.0149740925,0.0367263477,0.0326382588,0.0033007358,0.0453773921,-0.609192076,-0.5384611623,-0.1513856535,-0.749995033,-0.2704661975,0.804596038,0.7692305811,0.5756928267,0.8749975165,0.6352330988,0.195403962,0.2307694189,0.4243071733,0.1250024835,0.3647669012,,,,,,,,,,,,,,,,,,,,,,,,
2026-08-03T07:55:00Z,16.0300006866,-0.004347807,-0.0043572862,-0.0018633966,-0.0024890485,0.0037336321,0,-0.004843187,-0.0054779812,-0.0029131974,-0.0000623607,-0.0020682423,-0.5,-0.55,-0.1666666667,-0.6,-0.25,0.7,0.75,0.5666666667,0.8,0.6166666667,0.2,0.2,0.4,0.2,0.3666666667,,,,,,,,,,,,,,,,,,,,,1.0157828631,1.0422644642,1.0537949275,1.0024952831,1.0753898473,,,,,,,,,1.0018714147,1.0049906376,1.0268246026,1.0012475702,1.0405489451,1.0336867739,1.0779787864,1.0779787864,1.004366793,1.117903887,0.1,0.05,0.0333333333,0.2,0.0166666667,0.0060114785,0.0097763571,-0.0115535647,-0.0023705618,-0.0143766986,-0.032588957,-0.1206801377,-0.0469678372,-0.0104938314,-0.121643798,0.8399529337,0.9539040143,0.5419971699,0.0021723271,0.6077869916,,,,,0.0151785658,0.0323417878,0.0342500045,0.0018921829,0.0459437058,-0.6136331617,-0.8029182396,-0.1663155139,-0.5862014535,-0.2397407407,0.8068165809,0.9014591198,0.5831577569,0.7931007268,0.6198703703,0.1931834191,0.0985408802,0.4168422431,0.2068992732,0.3801296297,,,,,,,,,,,,,,,,,,,,,,,,
2026-08-03T08:15:00Z,16.1700000763,0.008733586,0.0086956689,-0,0.008733586,0,0,-0.0035456546,-0.0050827455,-0.003181437,0.0009894976,-0.0020295781,-0.5,-0.45,-0.1666666667,-0.2,-0.25,0.7,0.7,0.5666666667,0.6,0.6166666667,0.2,0.25,0.4,0.4,0.3666666667,,,,,,,,,,,,,,,,,,,,,1.0038342544,1.02897341,1.0432075879,0.9951762599,1.0637085089,,,,,,,,,0.9931972412,0.9962894579,1.00185533,0.9925787979,1.0309214593,1.0179343851,1.0649350174,1.0686456775,0.9962894579,1.1057513343,0.6,0.3,0.2,1,0.1,0.0121211914,0.0193126724,0.0029232479,0.002844745,-0.0038359547,-0.0305755527,-0.0786324342,-0.0420615592,0.0068493533,-0.1245262221,0.6439033945,0.9243799125,0.6229675024,0.2119248463,0.6041391519,,,,,0.0126915026,0.0304837886,0.0348883032,0.0030397564,0.0452207311,-0.5604387313,-0.6272715844,-0.1469976843,0.379311252,-0.2505445709,0.7802193656,0.8136357922,0.5734988422,0.310344374,0.6252722854,0.2197806344,0.1863642078,0.4265011578,0.689655626,0.3747277146,,,,,,,,,,,,,,,,,,,,,,,,
2026-08-03T08:35:00Z,16.1100006104,-0.0037105421,-0.0037174432,-0,-0.0037105421,0.0030920988,0,-0.002573211,-0.0047749731,-0.0034366071,0.0004345108,-0.002038672,-0.5,-0.45,-0.2333333333,-0.2,-0.25,0.7,0.7,0.6,0.6,0.6166666667,0.2,0.25,0.3666666667,0.4,0.3666666667,,,,,,,,,,,,,,,,,,,,,1.0047175325,1.0286467711,1.0452306735,0.999627552,1.0654665446,,,,,,,,,0.9968962668,1,1.0037243615,0.9993792534,1.0322779969,1.0055866014,1.0509000412,1.0726257003,1,1.1080074305,0.6,0.3,0.2,0.8,0.1,0.006861917,0.0167154737,0.0046001296,-0.0004965736,-0.0053257216,-0.0277609591,-0.0767908363,-0.0529100298,0.0037384035,-0.1167762712,0.4715744992,0.8962823777,0.6836714038,0.0493951288,0.6044546446,,,,,0.0107628483,0.0290833433,0.0359745525,0.0027648624,0.0454114942,-0.5348822768,-0.6203693892,-0.189075541,0.1764745481,-0.2364038964,0.7674411384,0.8101846946,0.5945377705,0.4117627259,0.6182019482,0.2325588616,0.1898153054,0.4054622295,0.5882372741,0.3817980518,,,,,,,,,,,,,,,,,,,,,,,,
2026-08-03T08:55:00Z,16.0400009155,-0.0043451081,-0.0043545756,-0.0006207466,-0.0037266748,0.0024844104,0,-0.0014849154,-0.004315807,-0.0037292749,-0.0002493704,-0.0019928812,-0.6,-0.55,-0.2333333333,-0.6,-0.2833333333,0.8,0.75,0.6,0.8,0.6333333333,0.2,0.2,0.3666666667,0.2,0.35,,,,,,,,0,,,,0.6,,,,0.2,,,,0.4,1.005797959,1.0284600479,1.0479218106,1.003117183,1.067279658,,,,1.0112218446,,,,0.9993765444,1.0006233367,1.0037406149,1.0043640705,1,1.033042316,1.0081046854,1.0511221726,1.0773067145,1.0043640705,1.1084787825,0.2,0.1,0.0666666667,0.4,0.0333333333,0.0008841605,0.0125401184,0.006152675,-0.0026184423,-0.0084896625,-0.0319854429,-0.0855188097,-0.0531286653,-0.0043451081,-0.1454448309,0.3196667341,0.8797341507,0.7531997785,0.0123072048,0.5994100576,,,,0.052633164,0.007543623,0.0265327407,0.0371927701,0.0031789238,0.0445779095,-0.5698909735,-0.7009335299,-0.189075541,-0.2,-0.3192982206,0.7849454868,0.8504667649,0.5945377705,0.6,0.6596491103,0.2150545132,0.1495332351,0.4054622295,0.4,0.3403508897,,,,0,,,,0,,,,,,,,,,,,,,,,0
2026-08-03T09:15:00Z,16.0400009155,-0,-0,-0,0,0.0031171592,0.0006234556,-0.0004420701,-0.0039511159,-0.0038830891,-0.0006857774,-0.0019065452,-0.5,-0.5,-0.2666666667,-0.4,-0.3,0.7,0.7,0.6,0.6,0.6333333333,0.2,0.2,0.3333333333,0.2,0.3333333333,,,,0,,,,0,,,,0.4,,,,0,,,,0.4,1.0031795167,1.0245947122,1.0455735166,1.00236906,1.0642247968,,,,1.0112218446,,,,0.9993765444,1,1.0012467923,1.0043640705,1,1.033042316,1.0043640705,1.039900209,1.0773067145,1.0043640705,1.1003739782,0.3,0.15,0.1,0.6,0.05,-0.001190201,0.0129408892,0.0107312761,-0.0009975052,-0.0079817137,-0.0255162936,-0.0717592432,-0.0658124144,-0.0037266748,-0.154899826,0.1360463403,0.8506039723,0.7858666225,0.0824239778,0.5960519729,,,,0.052633164,0.0034425062,0.0247031249,0.0379133502,0.0033780913,0.0427666605,-0.5121930796,-0.6595733024,-0.2494479005,-0.1764699282,-0.3525178145,0.7560965398,0.8297866512,0.6247239503,0.5882349641,0.6762589072,0.2439034602,0.1702133488,0.3752760497,0.4117650359,0.3237410928,,,,0,,,,0,,,,0,,,,0,,,,0,,,,0
2026-08-03T09:31:46Z,16.0599994659,0.0012467923,0.0012460157,-0,0.0012467923,0,0.0012469113,-0.0000943381,-0.0034382321,-0.0039624768,-0.0018057343,-0.0018141711,-0.3,-0.5,-0.2666666667,0,-0.2666666667,0.6,0.7,0.6,0.4,0.6166666667,0.3,0.2,0.3333333333,0.4,0.35,,,,0,,,,0,,,,0.2,,,,0.8,,,,-0.6,1.0010585785,1.0194894517,1.0418223771,1.001494454,1.0599523004,,,,1.0099626309,,,,0.9975094016,0.9987547602,1,1.0024907171,0.9987547602,1.0317559306,1.0031133964,1.0354918875,1.0759652093,1.0031133964,1.0927770748,0.6,0.3,0.2,0.6,0.1,-0.0006340569,0.0131737531,0.015633536,0.0021170145,-0.0064342533,-0.008642055,-0.071139467,-0.0684454942,0.0018714147,-0.1502645614,0.0107537661,0.8199569253,0.8030600245,0.6717343438,0.5927312244,,,,0.1999961853,0.0026129676,0.0218945233,0.0382720696,0.0031158035,0.0408084068,-0.2413815783,-0.6507939712,-0.2633929522,0.1034451007,-0.3429952381,0.6206907891,0.8253969856,0.6316964761,0.4482774497,0.671497619,0.3793092109,0.1746030144,0.3683035239,0.5517225503,0.328502381,,,,0,,,,0,,,,0,,,,0,,,,0,,,,0
