date,Close,Return,LogReturn,Gap,Body,UpperShadow,LowerShadow,BETA10,BETA20,BETA30,BETA5,CNTD10,CNTD20,CNTD30,CNTD5,CNTN10,CNTN20,CNTN30,CNTN5,CNTP10,CNTP20,CNTP30,CNTP5,CORD10,CORD20,CORD30,CORD5,CORR10,CORR20,CORR30,CORR5,IMAX10,IMAX20,IMAX30,IMAX5,IMIN10,IMIN20,IMIN30,IMIN5,IMXD10,IMXD20,IMXD30,IMXD5,MA10,MA20,MA30,MA5,MAX10,MAX20,MAX30,MAX5,MIN10,MIN20,MIN30,MIN5,QTLD10,QTLD20,QTLD30,QTLD5,QTLU10,QTLU20,QTLU30,QTLU5,RANK10,RANK20,RANK30,RANK5,RESI10,RESI20,RESI30,RESI5,ROC10,ROC20,ROC30,ROC5,RSQR10,RSQR20,RSQR30,RSQR5,RSV10,RSV20,RSV30,RSV5,STD10,STD20,STD30,STD5,SUMD10,SUMD20,SUMD30,SUMD5,SUMN10,SUMN20,SUMN30,SUMN5,SUMP10,SUMP20,SUMP30,SUMP5,VMA10,VMA20,VMA30,VMA5,VSTD10,VSTD20,VSTD30,VSTD5,VSUMD10,VSUMD20,VSUMD30,VSUMD5,VSUMN10,VSUMN20,VSUMN30,VSUMN5,VSUMP10,VSUMP20,VSUMP30,VSUMP5,WVMA10,WVMA20,WVMA30,WVMA5
2026-06-04T04:00:00Z,602.49,,,,0.0269482512,0.0140110452,0.0157155519,,,,,,,,,,,,,,,,,,,,,,,,,,,,,,,,,,,,,,,,,,,,,,,,,,,,,,,,,,,,,,,,,,,,,,,,,,,,,,,,,,,,,,,,,,,,,,,,,,,,,,,,,,,,,,,,,,,,
2026-06-05T04:00:00Z,539.45,-0.104632442,-0.1105209657,-0.0404156086,-0.0669215069,0.0029404642,0.0000345937,,,,,,,,,,,,,,,,,,,,,,,,,,,,,,,,,,,,,,,,,,,,,,,,,,,,,,,,,,,,,,,,,,,,,,,,,,,,,,,,,,,,,,,,,,,,,,,,,,,,,,,,,,,,,,,,,,,,
2026-06-08T04:00:00Z,570.28,0.0571508017,0.0555773663,0.0556678098,0.0014047903,0.0188066306,0.0156282925,,,,,,,,,,,,,,,,,,,,,,,,,,,,,,,,,,,,,,,,,,,,,,,,,,,,,,,,,,,,,,,,,,,,,,,,,,,,,,,,,,,,,,,,,,,,,,,,,,,,,,,,,,,,,,,,,,,,
2026-06-09T04:00:00Z,561.65,-0.0151329172,-0.0152485882,0.0251630778,-0.0393069121,0.0062603698,0.0677351487,,,,,,,,,,,,,,,,,,,,,,,,,,,,,,,,,,,,,,,,,,,,,,,,,,,,,,,,,,,,,,,,,,,,,,,,,,,,,,,,,,,,,,,,,,,,,,,,,,,,,,,,,,,,,,,,,,,,
2026-06-10T04:00:00Z,541.51,-0.0358586308,-0.0365173466,-0.0186949168,-0.0174907013,0.0381384378,0.0043000998,,,,-0.0184225591,,,,,,,,,,,,,,,,,,,,-0.6679635399,,,,0,,,,0.6,,,,-0.6,,,,1.0398256727,,,,1.1277908072,,,,0.9640634522,,,,1,,,,1.0531292128,,,,0.4,,,,-0.0029805544,,,,,,,,0.3783081779,,,,0.2194901872,,,,0.0423586482,,,,,,,,,,,,,,,,1.3046510016,,,,0.4534484275,,,,,,,,,,,,,,,,
2026-06-11T04:00:00Z,586.1,0.0823438164,0.07912889,0.0244686155,0.0564928978,0.0027218978,0,,,,0.0110100665,,,,-0.2,,,,0.6,,,,0.4,,,,-0.6731008529,,,,-0.4416177792,,,,0.4,,,,0.4,,,,0,,,,0.955123699,,,,1.0037365637,,,,0.8907183075,,,,0.9239208326,,,,0.9730080191,,,,1,,,,0.0228561679,,,,-0.027203771,,,,0.2680322539,,,,0.9669384058,,,,0.0300754,,,,-0.0980087305,,,,0.5490043652,,,,0.4509956348,,,,1.5194646752,,,,0.4446379378,,,,0.0696162844,,,,0.4651918578,,,,0.5348081422,,,,0.7204516778
2026-06-12T04:00:00Z,595.39,0.0158505375,0.0157262295,-0.0049138372,0.0208669113,0.0119508933,0.0078701005,,,,0.0125413594,,,,0.2,,,,0.4,,,,0.6,,,,-0.0441088422,,,,-0.5988237586,,,,0.8,,,,0.2,,,,0.6,,,,0.9590117402,,,,1.0117066125,,,,0.8768202355,,,,0.9433312619,,,,0.9843967819,,,,1,,,,0.0159055409,,,,0.1036982111,,,,0.3131516367,,,,0.9132113062,,,,0.0316943807,,,,0.4929502996,,,,0.2535248502,,,,0.7464751498,,,,2.058814253,,,,0.8145968889,,,,-0.5049533197,,,,0.7524766598,,,,0.2475233402,,,,0.5799999528
2026-06-15T04:00:00Z,627.76,0.0543677254,0.0529412748,0.0457179328,0.0082716307,0.0030034853,0.0065209361,,,,0.0296450873,,,,0.2,,,,0.4,,,,0.6,,,,0.0017984463,,,,-0.7990087527,,,,0.8,,,,0,,,,0.8,,,,0.9278737097,,,,1.0029788454,,,,0.8316076207,,,,0.8946890531,,,,0.9484357079,,,,1,,,,0.0128361157,,,,0.1007925931,,,,0.7975443658,,,,0.9826175869,,,,0.046945104,,,,0.4997391758,,,,0.2501304121,,,,0.7498695879,,,,2.2693856429,,,,1.2209535451,,,,-0.4020420133,,,,0.7010210067,,,,0.2989789933,,,,0.6469102107
2026-06-16T04:00:00Z,591.53,-0.0577131388,-0.0594455272,-0.0063798267,-0.0516629125,0.0094347941,0.0014268423,,,,0.023954829,,,,0.2,,,,0.4,,,,0.6,,,,-0.3762059401,,,,-0.8800009955,,,,0.8,,,,0,,,,0.8,,,,0.9948066877,,,,1.0644261491,,,,0.9114330634,,,,0.9908204149,,,,1.0065254509,,,,0.6,,,,-0.0427163457,,,,0.0532003917,,,,0.526754484,,,,0.5788950276,,,,0.0466771093,,,,0.2095077829,,,,0.3952461085,,,,0.6047538915,,,,0.9624667602,,,,0.2922425702,,,,-0.6244290537,,,,0.8122145269,,,,0.1877854731,,,,0.595182961
2026-06-17T04:00:00Z,599.54,0.013541156,0.0134502939,0.0324074857,-0.0182741117,0.0181594891,0.0005894875,0.007796078,,,0.0038396104,,,,0.6,,,,0.2,,,,0.8,,,,-0.6167339454,-0.8479906812,,,-0.7509710705,0.8,,,0.6,0.3,,,0,0.5,,,0.6,0.9700270207,,,1.0008740034,1.0502051573,,,1.0502051573,0.870750909,,,0.9253094039,0.9368015479,,,0.9866397571,1,,,1,0.8,,,0.8,-0.0051093717,,,-0.0085532241,,,,0.1071633026,0.2535696298,,,0.0501338244,0.7202342225,,,0.5980235043,0.0444687101,,,0.0242513956,,,,0.4447084068,,,,0.2776457966,,,,0.7223542034,2.3106196886,,,1.4526509345,1.2032789952,,,0.4590350459,,,,-0.4703436928,,,,0.7351718464,,,,0.2648281536,,,,0.8220094159
2026-06-18T04:00:00Z,638.77,0.065433499,0.0633817577,0.0449844881,0.019568722,0.0087149447,0.0002873059,0.0143850326,,,0.009164488,0.2,,,0.6,0.4,,,0.2,0.6,,,0.8,-0.6436916162,,,-0.5350155471,-0.8474364318,,,-0.5590403925,0.9,,,0.8,0.2,,,0,0.7,,,0.8,0.9161325673,,,0.9558964886,1.0085476776,,,1.0085476776,0.8172738231,,,0.9058503061,0.8792679681,,,0.9320882321,0.9385850932,,,0.9827637491,1,,,1,0.019134786,,,0.0257745354,0.0602167671,,,0.0898652107,0.7100221727,,,0.189821206,0.955311835,,,0.9167682927,0.0490345133,,,0.0297475252,0.1240935833,,,0.4209222409,0.4379532084,,,0.2895388796,0.5620467916,,,0.7104611204,1.9959114766,,,1.1007030447,1.0928058774,,,0.2643836307,-0.0443698161,,,-0.3529394688,0.522184908,,,0.6764697344,0.477815092,,,0.3235302656,0.9949511669,,,0.6313895163
2026-06-22T04:00:00Z,655.17,0.0256743429,0.0253502918,0.0236235265,0.002003487,0.001039978,0.0149573303,0.015195316,,,0.0155776363,0.4,,,0.6,0.3,,,0.2,0.7,,,0.8,-0.3181612825,,,-0.5856832207,-0.7484108222,,,-0.2683487902,0.9,,,0.8,0.1,,,0.2,0.8,,,0.6,0.9108628295,,,0.9502175008,1.0010378986,,,1.0010378986,0.7968160935,,,0.9015064792,0.8704305753,,,0.9150907398,0.9581635301,,,0.9749683288,1,,,1,0.0207582487,,,0.0186272265,0.2145147836,,,0.1004047767,0.7252358756,,,0.3659962547,0.9949177877,,,0.9895721515,0.0512503776,,,0.0364148259,0.4709425362,,,0.4520568663,0.2645287319,,,0.2739715668,0.7354712681,,,0.7260284332,1.4798887029,,,0.9450856607,0.7933857089,,,0.2268528403,-0.3644414338,,,0.0127285929,0.6822207169,,,0.4936357035,0.3177792831,,,0.5063642965,0.6736062892,,,0.5605711321
2026-06-23T04:00:00Z,603.05,-0.079551872,-0.0828946319,-0.0725918464,-0.0075048139,0.0197988842,0.0079491779,0.0141481811,,,0.0130453528,0.2,,,0.2,0.4,,,0.4,0.6,,,0.6,-0.3232314228,,,-0.4306632051,-0.7267682172,,,-0.3320267124,0.8,,,0.6,0,,,0,0.8,,,0.6,0.9950203134,,,1.0241472515,1.0875549291,,,1.0875549291,0.8656827792,,,0.9794212752,0.9718928779,,,0.9941795871,1.0409750435,,,1.0592322361,0.7,,,0.6,-0.0586871283,,,-0.0502379571,0.0574630006,,,-0.0393621766,0.5716991316,,,0.2011244287,0.6053811659,,,0.1903082349,0.0537457117,,,0.0411375492,0.1227294858,,,-0.1625764853,0.4386352571,,,0.5812882426,0.5613647429,,,0.4187117574,1.1503077595,,,0.8650983991,0.6298819522,,,0.1852843751,-0.1974884255,,,0.2651928793,0.5987442127,,,0.3674035604,0.4012557873,,,0.6325964396,0.6315872372,,,0.5959934343
2026-06-24T04:00:00Z,601.98,-0.0017743139,-0.0017758899,0.0032501451,-0.0050081817,0.0070907919,0.0253218955,0.0100961776,,,-0.0051230938,0.2,,,0.2,0.4,,,0.4,0.6,,,0.6,-0.2671408402,,,-0.0899886985,-0.6671387878,,,0.2070848377,0.7,,,0.4,0,,,0.8,0.7,,,-0.4,1.003488488,,,1.0294395163,1.0894880229,,,1.0894880229,0.8956111499,,,0.9745506495,0.9826406193,,,1,1.042825343,,,1.0611149872,0.6,,,0.4,-0.048921287,,,-0.0191933287,0.0718062851,,,0.0176660524,0.3434982666,,,0.0363096083,0.5384285837,,,0.2214192802,0.0494790872,,,0.038022137,0.1554442089,,,0.0894462039,0.4222778955,,,0.4552768981,0.5777221045,,,0.5447231019,1.4166203033,,,1.1669471118,0.4599122537,,,0.2058587479,-0.5532383524,,,-0.3952451675,0.7766191762,,,0.6976225837,0.2233808238,,,0.3023774163,0.7629578195,,,0.9073702942
2026-06-25T04:00:00Z,624.92,0.0381075783,0.0373994194,0.0581414665,-0.0189330905,0.0000706459,0.0404251311,0.0048695688,,,-0.0129440568,0.4,,,0.2,0.3,,,0.4,0.7,,,0.6,-0.2777251334,,,0.1992518286,-0.3287295116,,,-0.0246781358,0.6,,,0.2,0,,,0.6,0.6,,,-0.4,0.9799990399,,,0.9997727709,1.0494943353,,,1.0494943353,0.8877296294,,,0.9387761633,0.9527459515,,,0.9650035205,1.0045445817,,,1.0221628368,0.7,,,0.6,-0.0019120993,,,0.0261153428,0.1540322432,,,0.0423324549,0.1627126425,,,0.3099093267,0.6940350183,,,0.5529700824,0.0346742302,,,0.0328827466,0.3180552908,,,0.1926229508,0.3409723546,,,0.4036885246,0.6590276454,,,0.5963114754,0.77524055,,,0.7562673811,0.2107268283,,,0.1584476118,-0.1212047394,,,0.434093672,0.5606023697,,,0.282953164,0.4393976303,,,0.717046836,0.77775054,,,0.6819592547
2026-06-26T04:00:00Z,589.56,-0.0565832427,-0.0582471456,-0.0379888626,-0.0193286536,0.0072191357,0.0010895239,0.0000702116,,,-0.0185477305,0.2,,,-0.2,0.4,,,0.6,0.6,,,0.4,-0.1715533508,,,0.3898964588,-0.1916316913,,,0.0402575326,0.5,,,0,0,,,0.4,0.5,,,-0.4,1.039363254,,,1.0430422688,1.1124397856,,,1.1124397856,0.9814607504,,,0.9950810774,1.0098887306,,,1.0210665581,1.0647940837,,,1.0599769319,0.1,,,0.2,-0.0396792061,,,-0.0059468078,0.0059034294,,,-0.0770386837,0.0000312473,,,0.4475868357,0.1415436415,,,0.0419135713,0.0360769355,,,0.0392073169,0.0136748083,,,-0.3847837986,0.4931625958,,,0.6923918993,0.5068374042,,,0.3076081007,0.8947971223,,,0.9645634879,0.1990320587,,,0.1738450195,-0.1291273648,,,0.1810468408,0.5645636824,,,0.4094765796,0.4354363176,,,0.5905234204,0.6637189906,,,0.672437046
2026-06-29T04:00:00Z,613.83,0.0411662935,0.0403415209,0.0073359794,0.033583943,0.0020795272,0.0371031429,-0.0017253815,,,0.0014890116,0.2,,,-0.2,0.4,,,0.6,0.6,,,0.4,-0.1105895351,,,0.4016625995,-0.1939789435,,,0.5219481633,0.4,,,0.4,0.9,,,0.8,-0.5,,,-0.4,1.0012723392,,,0.9883322744,1.0684554355,,,1.0377873353,0.9316097291,,,0.9316097291,0.9767199387,,,0.9806949807,1.0226935797,,,1,0.6,,,0.8,0.0064918774,,,0.0086897024,0.0309712961,,,-0.0630981272,0.0220902529,,,0.0117301132,0.4997619048,,,0.6441120061,0.0333435442,,,0.019442942,0.0688059701,,,-0.3045079552,0.4655970149,,,0.6522539776,0.5344029851,,,0.3477460224,0.7668100035,,,0.8504833694,0.18125739,,,0.1575368155,0.1205359496,,,0.2288821764,0.4397320252,,,0.3855589118,0.5602679748,,,0.6144410882,0.5768307898,,,0.5589126688
2026-06-30T04:00:00Z,639.86,0.0424058778,0.0415313856,0.0067363928,0.0354308092,0.0081558017,0.0019337665,0.0018671698,,,0.0101068984,0.2,,,0.2,0.4,,,0.4,0.6,,,0.6,-0.1009479187,,,0.4374809664,-0.1326908338,,,0.1893906495,0.3,,,0.8,0.8,,,0.6,-0.5,,,0.2,0.9624308442,,,0.9596317945,1.0249898415,,,1.007876723,0.8937111243,,,0.8937111243,0.9369862157,,,0.9407995499,0.9982965024,,,0.9766511424,0.9,,,1,0.0291668916,,,0.0201544088,0.0192748821,,,0.0610397148,0.0253840561,,,0.2733819369,0.8096428571,,,0.9310061602,0.0336612532,,,0.0273368197,0.0462432164,,,0.3356432935,0.4768783918,,,0.3321783532,0.5231216082,,,0.6678216468,1.0708573591,,,1.1240567404,0.2269986993,,,0.2233613086,0.0741125558,,,-0.0967449553,0.4629437221,,,0.5483724776,0.5370562779,,,0.4516275224,0.5735522776,,,0.5094928617
2026-07-01T04:00:00Z,599.4,-0.0632325821,-0.0653202475,-0.0361641609,-0.0280840576,0.009582955,0.0021727851,-0.0022028089,,,-0.0001234568,0.2,,,0.2,0.4,,,0.4,0.6,,,0.6,0.1201917049,,,0.3360448267,-0.0054671715,,,-0.0008946332,0.2,,,0.6,0.7,,,0.4,-0.5,,,0.2,1.0287087087,,,1.0235468802,1.0941775108,,,1.0759092426,0.9540373707,,,0.9540373707,1.0002335669,,,1,1.065682349,,,1.0425759092,0.2,,,0.4,-0.0187960688,,,-0.0232999666,0.0133044816,,,-0.0042858567,0.0333514836,,,0.0000342827,0.3279761905,,,0.3771389459,0.0346454504,,,0.0298189624,0.0295987062,,,-0.0173084664,0.4852006469,,,0.5086542332,0.5147993531,,,0.4913457668,0.9842835749,,,1.11484676,0.1966979426,,,0.1435457689,-0.0968861726,,,0.1920212139,0.5484430863,,,0.403989393,0.4515569137,,,0.596010607,0.5654961099,,,0.1553025185
2026-07-02T04:00:00Z,565.9,-0.0558892226,-0.0575117707,0.0020854188,-0.0578539915,0.0121202031,0.0181303588,-0.0092315271,0.0040877596,,-0.0109118219,0,,,-0.2,0.5,,,0.6,0.5,,,0.4,-0.1017034057,,,-0.3399348346,-0.5837261791,-0.755851427,,-0.7393078453,0.1,0.55,,0.4,0.9,0.15,,0.8,-0.8,0.4,,-0.4,1.0836614243,1.0556759145,,1.0632797314,1.1589503446,1.1589503446,,1.1396006362,0.9807563174,0.9225128115,,0.9807563174,1.0591977381,1.0077398834,,1.041809507,1.1287683336,1.1042940449,,1.0846969429,0.1,0.2,,0.2,-0.0421195521,-0.0945096307,,-0.0414560876,-0.0561096841,,,-0.0944440888,0.3474986845,0.1912836553,,0.1255274833,0.10799286,0.3277279522,,0.1211480699,0.0449804652,0.0538942262,,0.0435554851,-0.1154506143,,,-0.3697531638,0.5577253072,,,0.6848765819,0.4422746928,,,0.3151234181,0.51846986,0.630094967,,0.5929112513,0.1789013127,0.3210307883,,0.2104134306,0.4400648217,,,0.444001554,0.2799675892,,,0.277999223,0.7200324108,,,0.722000777,0.5672467823,,,0.418997798
2026-07-06T04:00:00Z,581.44,0.0274606821,0.0270904011,0.02961654,-0.0020938455,0.0261044177,0.0011327361,-0.0090416062,0.0037242382,,-0.0238614474,0,0.1,,0.2,0.5,0.45,,0.4,0.5,0.55,,0.6,-0.2093898725,-0.4757937651,,-0.617852533,-0.514706222,-0.7472424043,,-0.7462944339,0,0.5,,0.2,0.8,0.1,,0.6,-0.8,0.4,,-0.4,1.0448386764,1.02565097,,1.0320686571,1.1279753715,1.1279753715,,1.1091428178,0.954543891,0.8978570446,,0.954543891,1.0139653275,0.9808062741,,1,1.0747798569,1.0747798569,,1.0557065217,0.2,0.3,,0.4,-0.0041514484,-0.0610312328,,0.0156542378,-0.0897506145,-0.0349383392,,-0.0137729832,0.3502179588,0.1657707426,,0.5854797023,0.2620983737,0.4438714499,,0.2940260318,0.043883712,0.0527447614,,0.0441017538,-0.2141656394,-0.0375859298,,-0.0580829757,0.6070828197,0.5187929649,,0.5290414878,0.3929171803,0.4812070351,,0.4709585122,0.9964087075,1.1735754769,,1.1219299197,0.3185799703,0.5963306026,,0.3831948505,0.0885919603,0.0038283169,,0.040470735,0.4557040198,0.4980858415,,0.4797646325,0.5442959802,0.5019141585,,0.5202353675,0.602470602,0.9562197351,,0.5121570947
2026-07-07T04:00:00Z,550.63,-0.0529891304,-0.054444708,-0.0508048982,-0.0023011415,0.0094944736,0.0259014314,-0.0094119188,0.0011145811,,-0.0356718668,-0.2,0.1,,-0.2,0.6,0.45,,0.6,0.4,0.55,,0.4,-0.2736456291,-0.344489535,,-0.7803013485,-0.5935341679,-0.6962763847,,-0.8051391095,0.5,0.45,,0,0.9,0.05,,0.8,-0.4,0.4,,-0.8,1.084316147,1.0840555364,,1.0668615949,1.1712038937,1.1910902058,,1.1712038937,0.9740388283,0.9480958175,,0.9740388283,1.055954089,1.0356863956,,1.0277318708,1.1147776184,1.1349181846,,1.0885712729,0.1,0.1,,0.2,-0.0419625124,-0.0946440571,,0.0044821386,-0.1595616405,0.0207248123,,-0.102960103,0.3472089923,0.014185783,,0.8129387321,0.1316722701,0.2136023916,,0.1316722701,0.0458785479,0.0539611072,,0.0559515249,-0.3705778093,0.0211814634,,-0.4318709854,0.6852889046,0.4894092683,,0.7159354927,0.3147110954,0.5105907317,,0.2840645073,0.7455713592,0.7851385562,,0.8354514639,0.23487184,0.3562153617,,0.2818179615,0.1590664676,-0.1309428282,,0.1238269484,0.4204667662,0.5654714141,,0.4380865258,0.5795332338,0.4345285859,,0.5619134742,0.5361474596,0.6057812768,,0.4756390433
2026-07-08T04:00:00Z,562.28,0.0211575831,0.0209368692,-0.0100884441,0.0315644636,0.0039811035,0,-0.0118799865,-0.0005363368,,-0.015919115,0,0.1,,-0.2,0.5,0.45,,0.6,0.5,0.55,,0.4,-0.3280833286,-0.3260668185,,-0.8351404785,-0.4288817886,-0.6150394923,,-0.4857830024,0.4,0.4,,0,0.8,0,,0.6,-0.4,0.4,,-0.6,1.0545991321,1.0608833677,,1.0171622679,1.1469374689,1.1664117522,,1.1073308672,0.9538575087,0.9284520168,,0.9538575087,1.0064380736,1.0064380736,,1,1.0916803016,1.1114035712,,1.0340755495,0.2,0.2,,0.4,-0.001139193,-0.0557881686,,0.0146759622,-0.0676063345,-0.0140281967,,-0.1212452724,0.4981990229,0.0033333112,,0.5609830079,0.2389812555,0.3006726457,,0.3006547309,0.0483438779,0.0535667691,,0.0300579298,-0.1687290485,-0.0157282164,,-0.5879054259,0.5843645243,0.5078641082,,0.7939527129,0.4156354757,0.4921358918,,0.2060472871,1.3270442727,1.3550014464,,1.5052816404,0.4355228152,0.6183488315,,0.5135286125,-0.0358522359,-0.1151557157,,-0.0058276905,0.517926118,0.5575778578,,0.5029138453,0.482073882,0.4424221422,,0.4970861547,0.6154723789,0.6236555394,,0.5725829746
2026-07-09T04:00:00Z,581.72,0.0345735221,0.0339892858,0.0483922601,-0.0131808852,0.0091434969,0.0043427369,-0.0115073585,-0.0018279988,,0.002145362,0.2,0.2,,0.2,0.4,0.4,,0.4,0.6,0.6,,0.6,-0.3026483214,-0.298248003,,-0.7942154528,-0.4151738589,-0.5872342529,,-0.393902712,0.3,0.35,,0,0.7,0.85,,0.4,-0.4,-0.5,,-0.4,1.0158736162,1.0271556763,,0.9770920718,1.1086089528,1.1274324417,,1.0450560407,0.9219813656,0.9219813656,,0.9219813656,0.9728047858,0.9995186688,,0.9665818607,1.0551983772,1.0742625318,,0.9995186688,0.5,0.3,,1,0.0359094972,-0.0097896877,,0.0186172042,-0.0336556032,0.035733998,,-0.0294961628,0.4999958871,0.0439057336,,0.0220315944,0.4180444895,0.3797431285,,0.6339129828,0.0467433036,0.0503049951,,0.0204405522,-0.0779230769,0.0386370199,,-0.1593654228,0.5389615385,0.48068149,,0.5796827114,0.4610384615,0.51931851,,0.4203172886,1.1556947112,1.0524507335,,1.290313456,0.3401318853,0.3405683332,,0.4217227748,0.0720495335,-0.2191269348,,0.0254942162,0.4639752332,0.6095634674,,0.4872528919,0.5360247668,0.3904365326,,0.5127471081,0.50125474,0.6323293983,,0.648129438
2026-07-10T04:00:00Z,581.13,-0.0010142337,-0.0010147483,-0.0152822664,0.0144894646,0.0081001344,0.0106663408,-0.0085445858,-0.0037544173,,0.005243233,0,0.2,,0.2,0.5,0.4,,0.4,0.5,0.6,,0.6,-0.4655466013,-0.3477650481,,-0.5265908987,-0.3267865085,-0.4013882242,,-0.5782595325,0.2,0.3,,0,0.6,0.8,,0.2,-0.4,-0.5,,-0.2,1.0093696763,1.0316073856,,0.9833255898,1.1097344828,1.1285770826,,1.028805947,0.9229174195,0.9229174195,,0.9229174195,0.9737924389,1.0005334435,,0.9675631958,1.0314387486,1.0753531912,,1.0005334435,0.4,0.2,,0.6,0.0290809598,0.0040595785,,0.0061879442,-0.0700729693,0.0731657772,,0.0269128821,0.3310329939,0.2232391509,,0.1137023564,0.4126099572,0.3748065096,,0.7279596977,0.0426562182,0.0458197994,,0.0219902124,-0.184262571,0.0792558512,,0.1951813405,0.5921312855,0.4603720744,,0.4024093297,0.4078687145,0.5396279256,,0.5975906703,2.0146798428,1.8470865456,,1.8416180785,0.712548668,0.6214148663,,0.5939439531,-0.1395414395,-0.1319844524,,-0.5458459756,0.5697707198,0.5659922262,,0.7729229878,0.4302292802,0.4340077738,,0.2270770122,0.6375655177,0.707061941,,0.820159301
2026-07-13T04:00:00Z,553,-0.0484056924,-0.0496164825,-0.0301997832,-0.018772845,0.0051279321,0.0046843394,-0.0119310647,-0.0055291302,,0.0042658228,0,0.1,,-0.2,0.5,0.45,,0.6,0.5,0.55,,0.4,-0.6063855916,-0.390939081,,-0.6213507085,-0.2315590553,-0.3359428296,,-0.5927636885,0.1,0.25,,0.4,0.5,0.75,,0,-0.4,-0.5,,0.4,1.0541030741,1.0810904159,,1.0230596745,1.1661844485,1.1859855335,,1.0757323689,0.9698643761,0.9698643761,,0.9698643761,1.0167811935,1.0508679928,,1,1.0839059675,1.1300542495,,1.0508679928,0.2,0.1,,0.4,-0.0004132829,-0.0285636786,,-0.0315913201,-0.0620123482,-0.0564750043,,-0.0489130435,0.5037326058,0.3859615288,,0.0621911248,0.15350251,0.1394385642,,0.2846528312,0.0482843227,0.0513192896,,0.0241909878,-0.1586667824,-0.0684676485,,-0.3138380049,0.5793333912,0.5342338243,,0.6569190024,0.4206666088,0.4657661757,,0.3430809976,1.2676862777,1.1437704907,,1.1190955042,0.4595670991,0.3829964791,,0.3798047207,-0.0256770102,-0.0679545519,,-0.1086927355,0.5128385051,0.5339772759,,0.5543463678,0.4871614949,0.4660227241,,0.4456536322,0.6551416228,0.6696549667,,0.76912777
2026-07-14T04:00:00Z,567.92,0.0269801085,0.0266225622,0.0500361664,-0.021957394,0,0.0127094563,-0.0094296252,-0.0062047683,,-0.0030708551,0,0.1,,0.2,0.5,0.45,,0.4,0.5,0.55,,0.6,-0.7130899856,-0.3956706459,,-0.5233385695,-0.2387242927,-0.2603342297,,-0.2462023607,0,0.2,,0.2,0.4,0.7,,0,-0.4,-0.5,,0.2,1.0183265249,1.0502702845,,1.0022714467,1.1355472602,1.1548281448,,1.0474714749,0.9443847725,0.9443847725,,0.959774264,0.9900690238,1,,0.9900690238,1.0242991971,1.1003662488,,1.0232603184,0.5,0.25,,0.6,0.0241067884,0.0086750146,,0.0038702634,-0.074792695,-0.0461378256,,0.0314003959,0.382338715,0.486889719,,0.0497764138,0.2909316999,0.2642764507,,0.4586888867,0.0438023354,0.0512750501,,0.0194653633,-0.2076717782,-0.0561678287,,0.2313662518,0.6038358891,0.5280839144,,0.3843168741,0.3961641109,0.4719160856,,0.6156831259,1.5902003454,1.4946224362,,1.2032879899,0.6354796392,0.5154948116,,0.2519396935,-0.1148227673,-0.0250239312,,-0.4874534681,0.5574113836,0.5125119656,,0.743726734,0.4425886164,0.4874880344,,0.256273266,0.7297007577,0.6615080352,,0.6412260685
2026-07-15T04:00:00Z,554.9,-0.0229257642,-0.0231926464,0.0136991126,-0.0361299288,0,0.0283307278,-0.0045612368,-0.0065301883,,-0.0120472157,-0.2,0,,-0.2,0.6,0.5,,0.6,0.4,0.5,,0.4,-0.7083135978,-0.3791585955,,-0.5286628442,-0.2149276131,-0.1684435073,,-0.2443694464,0,0.15,,0,0.3,0.65,,0.8,-0.3,-0.5,,-0.8,1.026909353,1.0683483511,,1.0231284916,1.1220580285,1.1819246711,,1.0720490178,0.9665435214,0.9665435214,,0.9706073166,1,1.0198233916,,1,1.0478284376,1.1061993152,,1.0472697783,0.3,0.15,,0.4,-0.0063837874,-0.0063115619,,0.0009659398,-0.1327790454,-0.1160634637,,-0.0131251334,0.2370901771,0.5005851757,,0.5904260511,0.2151341329,0.1553361503,,0.2897495115,0.0269062277,0.0532209398,,0.0221727178,-0.408343747,-0.1551136847,,-0.096977661,0.7041718735,0.5775568424,,0.5484888305,0.2958281265,0.4224431576,,0.4515111695,1.2595875204,1.2004068676,,0.949538591,0.508963857,0.40284734,,0.1977001252,-0.0118739705,0.0224656354,,-0.026814765,0.5059369852,0.4887671823,,0.5134073825,0.4940630148,0.5112328177,,0.4865926175,0.7817030022,0.6851802631,,0.6354155566
2026-07-16T04:00:00Z,530.265,-0.0443953866,-0.0454110357,-0.0277527482,-0.0171177016,0.0109545876,0.0088507878,-0.0051257962,-0.0085576236,,-0.0188264358,-0.2,0,,-0.6,0.6,0.5,,0.8,0.4,0.5,,0.2,-0.7682072398,-0.3250593687,,-0.7998125666,-0.1772205584,-0.1638042698,,-0.9559046428,0,0.1,,0,0.9,0.95,,0.8,-0.9,-0.85,,-0.8,1.0615795876,1.1122047467,,1.0512536185,1.1464645036,1.236834413,,1.1046740781,0.9909950685,0.9909950685,,0.9909950685,1.042874789,1.0603754726,,1.042874789,1.0959237362,1.1575910158,,1.071011664,0.1,0.05,,0.2,-0.0385135048,-0.0309073226,,-0.0136007468,-0.1153403403,-0.1035704022,,-0.0884532077,0.2495386669,0.6469038758,,0.6941619063,0.0579209122,0.0366293342,,0.0792136695,0.0294726632,0.061352057,,0.0319560225,-0.3596379431,-0.1337298772,,-0.6329417553,0.6798189716,0.5668649386,,0.8164708777,0.3201810284,0.4331350614,,0.1835291223,1.0807642001,1.0155542956,,0.8012959663,0.4345497956,0.3416182927,,0.1543217623,0.0071477877,-0.0297972717,,-0.0402572829,0.4964261062,0.5148986359,,0.5201286414,0.5035738938,0.4851013641,,0.4798713586,0.8007469926,0.6908607346,,0.6585999472
2026-07-17T04:00:00Z,520.87,-0.0177175563,-0.0178763911,-0.0397254203,0.0229183032,0.023939513,0.0206893166,-0.0092399604,-0.0103051199,-0.0023558493,-0.0195663025,-0.2,-0.1,,-0.6,0.6,0.55,,0.8,0.4,0.45,,0.2,-0.6384679014,-0.3099326888,,-0.5550193217,-0.5914235835,-0.3228931583,-0.4779466202,-0.8872996298,0,0.05,0.3666666667,0.2,0.9,0.95,0.9666666667,0.8,-0.9,-0.9,-0.6,-0.6,1.0720822854,1.1247139401,1.1219878921,1.0470770058,1.1478295928,1.2591433563,1.2591433563,1.1148079175,0.9573694012,0.9573694012,0.9573694012,0.9573694012,1.0571351777,1.0653330006,1.0653330006,1.0180371302,1.1156910553,1.1784706357,1.1577744927,1.0653330006,0.1,0.05,0.0333333333,0.2,-0.0305024635,-0.0268153008,-0.0878280775,-0.0079444007,-0.0795723626,-0.1312172666,,-0.1036945262,0.4778774259,0.7510926146,0.1033718934,0.6989921179,0.2238294441,0.1412666603,0.1412666603,0.2707761722,0.0383918312,0.0685649446,0.063421351,0.0330969232,-0.2678284661,-0.1712041087,,-0.6688124306,0.633914233,0.5856020544,,0.8344062153,0.366085767,0.4143979456,,0.1655937847,0.5256627412,0.5304006542,0.6087891804,0.5361727927,0.2051260877,0.1952156776,0.3011255766,0.2373373714,-0.0139077995,0.1712712043,,0.7718393833,0.5069538998,0.4143643978,,0.1140803083,0.4930461002,0.5856356022,,0.8859196917,0.6448343455,0.6475040702,,0.3495222255
2026-07-20T04:00:00Z,524.34,0.006661931,0.0066398384,0.0239887112,-0.0169208703,0.011502442,0.0026998397,-0.0097961535,-0.0103180267,-0.0028415679,-0.0231128657,-0.2,-0.1,0,-0.2,0.6,0.55,0.5,0.6,0.4,0.45,0.5,0.4,-0.5635491867,-0.3453344073,-0.4754970212,-0.5585135412,-0.3859530655,-0.1149929401,-0.3589079988,-0.4725914023,0.2,0,0.3333333333,0,0.8,0.9,0.9333333333,0.6,-0.6,-0.9,-0.6,-0.6,1.0540975321,1.1063589465,1.1095946015,1.029215776,1.1345310295,1.2508105428,1.2508105428,1.1074302933,0.9510336804,0.9510336804,0.9510336804,0.9510336804,1.0112999199,1.0546591906,1.0546591906,1,1.08311401,1.1501125224,1.1501125224,1.0582827936,0.2,0.1,0.0666666667,0.4,-0.0100148412,-0.0083376926,-0.0683918667,0.0170099554,-0.0982044579,-0.1791411619,-0.1297116965,-0.0518264014,0.5057498267,0.7534824675,0.1393050521,0.8604407774,0.2668502832,0.1633425581,0.1633425581,0.3130906652,0.0395653204,0.0685418619,0.0658967247,0.0352377607,-0.3658849161,-0.2700412979,-0.1091312787,-0.4379584352,0.682942458,0.635020649,0.5545656394,0.7189792176,0.317057542,0.364979351,0.4454343606,0.2810207824,1.7081102659,1.7999292009,2.0547774347,1.7331184253,0.7394894317,0.6817418203,1.0473370104,0.8752975123,-0.1033394737,-0.0182340849,-0.0296852765,-0.0995026405,0.5516697368,0.5091170424,0.5148426383,0.5497513202,0.4483302632,0.4908829576,0.4851573617,0.4502486798,0.7590417658,0.7136185499,1.0322562721,0.5813512491
2026-07-21T04:00:00Z,552.47,0.0536483961,0.0522588044,0.0484609223,0.0049477035,0.0048021828,0.017262392,-0.0095710668,-0.0083620844,-0.0035681702,-0.0019521422,0,-0.1,0.0666666667,-0.2,0.5,0.55,0.4666666667,0.6,0.5,0.45,0.5333333333,0.4,-0.2949708819,-0.2854673221,-0.3190019111,-0.0958200177,-0.4180344449,-0.0676696363,-0.2765256554,-0.3562499421,0.1,0.25,0.3,0,0.7,0.85,0.9,0.4,-0.6,-0.6,-0.6,-0.4,1.0007593172,1.0407320759,1.0538831671,0.9712183467,1.0767643492,1.167303202,1.1871232827,1.042047532,0.9026100965,0.9026100965,0.9026100965,0.9026100965,0.9598077724,1,1.0009593281,0.9490832081,1.0279653194,1.0896157257,1.0915524825,1,0.4,0.25,0.2,0.8,0.0423104833,0.0387077256,-0.0021446988,0.0326859377,0.0033416269,-0.1567532091,0.0241356938,-0.0272045359,0.5365376335,0.6945400456,0.2504217132,0.0113521904,0.5592163384,0.3679351728,0.3423036549,0.6984487571,0.0375307486,0.0578577745,0.0617161459,0.0259111456,0.0119963489,-0.2358317259,0.0191133294,-0.1964399237,0.4940018255,0.617915863,0.4904433353,0.5982199619,0.5059981745,0.382084137,0.5095566647,0.4017800381,1.109688835,1.2607376246,1.3610358773,1.2565708404,0.4660550947,0.479914903,0.6382044441,0.5921385421,-0.1529798395,-0.0049711694,-0.1382327595,0.0555467386,0.5764899198,0.5024855847,0.5691163798,0.4722266307,0.4235100802,0.4975144153,0.4308836202,0.5277733693,0.5931159076,0.6878240517,0.697947611,0.533032496
2026-07-22T04:00:00Z,555.5,0.0054844607,0.0054694758,-0.0222455518,0.0283609167,0.0099411307,0.0001388426,-0.008135559,-0.0080192132,-0.0040077234,0.0147740774,0,0,0.0666666667,0.2,0.5,0.5,0.4666666667,0.4,0.5,0.5,0.5333333333,0.6,-0.2511414161,-0.2898224137,-0.2968230705,-0.0978605486,-0.4116322637,-0.0274063053,-0.2156325234,-0.5523904236,0,0.2,0.2666666667,0.8,0.6,0.8,0.8666666667,0.2,-0.6,-0.6,-0.6,0.6,0.994080108,1.0307754275,1.0472478248,0.9661368137,1.0708910891,1.1609360936,1.1806480648,1.0096669667,0.8976867687,0.8976867687,0.8976867687,0.8976867687,0.9545724572,0.9945454545,0.99549955,0.9439063906,1.0223582358,1.0790279028,1.0855985599,0.9945454545,0.7,0.4,0.3,1,0.0425299075,0.0454070979,0.0108641638,0.0043150315,-0.0120580494,-0.0788491833,-0.0259170934,0.0010812759,0.3999233469,0.662710255,0.3143054756,0.6433742259,0.5907083095,0.3886552467,0.3615803035,0.9136725344,0.0369509829,0.0568022762,0.0618743977,0.0260485491,-0.0468361426,-0.1230621911,-0.0226201408,0.0087387125,0.5234180713,0.5615310955,0.5113100704,0.4956306438,0.4765819287,0.4384689045,0.4886899296,0.5043693562,1.6526702175,1.9006369201,2.0134692677,1.8309849797,0.7515741244,0.7697648431,0.9599963586,0.9858520085,-0.0749190348,-0.0544085569,-0.1024625636,-0.0954942578,0.5374595174,0.5272042785,0.5512312818,0.5477471289,0.4625404826,0.4727957215,0.4487687182,0.4522528711,0.6874574812,0.747099125,0.7172939006,0.7197266641
2026-07-23T04:00:00Z,550.74,-0.0085688569,-0.0086057806,-0.0170837084,0.008662845,0.0133330891,0.0035988352,-0.0047796298,-0.0078130081,-0.0046572327,0.0165050659,-0.2,0,0.0666666667,0.2,0.6,0.5,0.4666666667,0.4,0.4,0.5,0.5333333333,0.6,-0.309788065,-0.2916405232,-0.2894755486,-0.0146137287,-0.5644829963,0.0666315477,-0.1245998589,-0.6025972445,0,0.15,0.2333333333,0.6,0.5,0.75,0.8333333333,0,-0.5,-0.6,-0.6,0.6,0.9970467008,1.0350324109,1.0556387769,0.9819225043,1.063605331,1.1709699677,1.1908523078,1.0183934343,0.9054454007,0.9054454007,0.9054454007,0.9054454007,0.9628227476,1,1.0031412282,0.952064495,1.0086429168,1.0704869812,1.0949812979,1.0031412282,0.4,0.25,0.2,0.6,0.0244616334,0.0391911662,0.0118910978,-0.0149326361,-0.0532558619,-0.0851191069,-0.0194249088,0.0386127691,0.1759640737,0.634815288,0.4107775209,0.7382665457,0.5978416853,0.3561048996,0.3312975157,0.8371513544,0.0327272289,0.0565445057,0.0628946682,0.0271659981,-0.2381611316,-0.1313576702,-0.0167967607,0.4196986779,0.6190805658,0.5656788351,0.5083983804,0.2901506611,0.3809194342,0.4343211649,0.4916016196,0.7098493389,1.6359399865,1.9803364741,1.9566819696,1.7428887083,0.8127819404,0.8264228796,0.7645404351,1.100745683,-0.120037551,-0.0197200285,-0.1865939968,-0.1550141581,0.5600187755,0.5098600142,0.5932969984,0.5775070791,0.4399812245,0.4901399858,0.4067030016,0.4224929209,0.8131047229,0.738675332,0.759433487,0.9868830946
2026-07-24T04:00:00Z,527.03,-0.0430511675,-0.0440053555,-0.0116661219,-0.0317555092,0.0061820821,0.008570405,-0.0032302801,-0.0076858061,-0.0060538649,0.0006925602,-0.2,-0.1,0.0666666667,0.2,0.6,0.55,0.4666666667,0.4,0.4,0.45,0.5333333333,0.6,-0.4518914376,-0.4383180935,-0.3770070697,-0.3752878274,-0.5902045849,-0.0641960624,-0.1273720625,-0.4627256803,0.1,0.1,0.2,0.4,0.4,0.7,0.8,0.8,-0.3,-0.6,-0.6,-0.4,1.031636719,1.0723094511,1.102213979,1.028434814,1.1017778874,1.2236495076,1.2444263135,1.0642088686,0.9461795344,0.9461795344,0.9461795344,0.9911485115,1,1.0447792346,1.0482704969,1,1.0528812402,1.1037701839,1.1442422632,1.0482704969,0.3,0.15,0.1,0.4,-0.0171004583,0.0007057066,-0.0144329382,-0.0298199343,-0.0930944883,-0.1566440504,-0.0267400417,0.0118263674,0.0988622031,0.6145980343,0.6125160314,0.001473347,0.3458935431,0.1939686122,0.1804561504,0.121153097,0.029508832,0.05653139,0.0669519478,0.0255164357,-0.3531331593,-0.2504541384,-0.0221711836,0.0976228209,0.6765665796,0.6252270692,0.5110855918,0.4511885895,0.3234334204,0.3747729308,0.4889144082,0.5488114105,0.6503679998,0.7212363844,0.7009311244,0.5471289413,0.3084221313,0.3030289322,0.2697796901,0.2401103214,0.1814059237,0.0223531912,-0.0146615363,-0.1994204257,0.4092970382,0.4888234044,0.5073307682,0.5997102129,0.5907029618,0.5111765956,0.4926692318,0.4002897871,0.7097634177,0.735340626,0.7590379721,1.0530427434
2026-07-27T04:00:00Z,515.65,-0.0215926987,-0.0218292322,0.0088609757,-0.0301861952,0.0041940944,0.0294338913,-0.0050671556,-0.008478714,-0.0069343001,-0.0198021914,-0.2,-0.1,0,-0.2,0.6,0.55,0.5,0.6,0.4,0.45,0.5,0.4,-0.3993712629,-0.4898034123,-0.376003174,-0.3481326107,-0.669684467,-0.1395018604,-0.1950561539,-0.8978178549,0,0.05,0.1666666667,0.2,0.3,0.65,0.7666666667,0.8,-0.3,-0.6,-0.6,-0.6,1.0471608649,1.0888078154,1.1219848735,1.0477610783,1.1260932803,1.2506545137,1.2718898478,1.0876951421,0.967060991,0.967060991,0.967060991,0.9696499564,1.0168525162,1.0283428682,1.0680500339,1.022069233,1.0761175216,1.1275865413,1.1694948124,1.0714050228,0.1,0.05,0.0333333333,0.2,-0.0243586647,-0.0082600324,-0.0214375217,-0.0081566954,-0.0675406872,-0.1253646787,-0.1202013308,-0.0165732159,0.189023326,0.6574944079,0.6937958502,0.8197827712,0.207121517,0.1161486648,0.1080573846,0.2571053064,0.0334759966,0.0602947889,0.072056972,0.0309299244,-0.2737266398,-0.201461008,-0.1136491958,-0.12237713,0.6368633199,0.600730504,0.5568245979,0.561188565,0.3631366801,0.399269496,0.4431754021,0.438811435,0.6931312329,0.7413383002,0.7059555099,0.6685504329,0.3270337218,0.3110676482,0.2714159279,0.2851416859,0.1196521322,0.0443465802,-0.0013961905,0.555466623,0.4401739339,0.4778267099,0.5006980952,0.2222666885,0.5598260661,0.5221732901,0.4993019048,0.7777333115,0.7195806789,0.7537914818,0.7236529816,0.7887307345
2026-07-28T04:00:00Z,491.03,-0.0477455639,-0.048923015,-0.0389799282,-0.0091211785,0.0058117243,0.0211986681,-0.0069625444,-0.0092678824,-0.0081954241,-0.0334052909,-0.4,-0.2,-0.0666666667,-0.6,0.7,0.6,0.5333333333,0.8,0.3,0.4,0.4666666667,0.2,-0.3332939197,-0.5283603099,-0.3712321208,-0.7539166895,-0.732028012,-0.3223839658,-0.2876331471,-0.9261382981,0,0,0.1333333333,0,0.9,0.95,0.9666666667,0.8,-0.9,-0.95,-0.8333333333,-0.8,1.0840060689,1.1308957701,1.1711562091,1.0752703501,1.1724334562,1.3133617091,1.3356617722,1.1422316355,0.9786061951,0.9786061951,0.9786061951,0.9786061951,1.0607702177,1.0733152761,1.1213775126,1.0501395027,1.1251247378,1.1834918437,1.2281327006,1.1216015315,0.1,0.05,0.0333333333,0.2,-0.052674619,-0.0428508878,-0.0523225592,-0.0084597682,-0.1353887872,-0.2000553899,-0.1752800685,-0.1112096584,0.2409381751,0.6623472496,0.7515124317,0.9631238336,0.1103756239,0.0639087452,0.0599172964,0.1307486465,0.0407419812,0.0656649274,0.0818262357,0.0481381273,-0.5261033185,-0.3344044442,-0.1642895375,-0.9102222222,0.7630516593,0.6672022221,0.5821447687,0.9551111111,0.2369483407,0.3327977779,0.4178552313,0.0448888889,0.6164674586,0.6083245077,0.5815611881,0.640216804,0.2850393877,0.2635395242,0.2300600279,0.2887099938,0.2394212565,0.0586364916,0.073458349,0.5849217759,0.3802893717,0.4706817542,0.4632708255,0.207539112,0.6197106283,0.5293182458,0.5367291745,0.792460888,0.7693394398,0.7658391879,0.7029320226,0.8698788229
2026-07-29T04:00:00Z,464.49,-0.0540496507,-0.0555651962,-0.00574303,-0.0485856496,0.0158538334,0.0008193196,-0.012074305,-0.0097161379,-0.009417376,-0.0448879416,-0.4,-0.3,-0.1333333333,-1,0.7,0.65,0.5666666667,1,0.3,0.35,0.4333333333,0,-0.3186451957,-0.5063081756,-0.3566231775,-0.4659948963,-0.7910494815,-0.4999002605,-0.3799622685,-0.8857004897,0.4,0,0.1,0,0.9,0.95,0.9666666667,0.8,-0.5,-0.95,-0.8666666667,-0.8,1.1264795798,1.1766351267,1.2263568645,1.0975220134,1.2074963939,1.3404594286,1.4119787294,1.2013606321,0.9991388404,0.9991388404,0.9991388404,0.9991388404,1.1101423066,1.1288509979,1.1416069237,1.0571379362,1.1856875283,1.222674331,1.2960020668,1.1346422959,0.1,0.05,0.0333333333,0.2,-0.0721452072,-0.0843318171,-0.0898049126,-0.0077461302,-0.1629302577,-0.274075579,-0.2600834714,-0.1638343834,0.3570124653,0.6654954634,0.7545289559,0.9852096389,0.0041330853,0.0025230226,0.0020859408,0.0042584904,0.058042676,0.0686778899,0.093838526,0.0639558629,-0.5662303501,-0.4768988116,-0.2594099048,-1,0.783115175,0.7384494058,0.6297049524,1,0.216884825,0.2615505942,0.3702950476,0,0.5532494034,0.5144005064,0.486555281,0.6612892205,0.2688637207,0.2368865692,0.2043074026,0.2525230883,0.2832301258,0.1394053664,0.123425581,0.9575937512,0.3583849371,0.4302973168,0.4382872095,0.0212031244,0.6416150629,0.5697026832,0.5617127905,0.9787968756,0.8301146087,0.8067436395,0.7376916932,0.6716520294
2026-07-30T04:00:00Z,504.6,0.086352774,0.0828260067,0.0581282697,0.0266739913,0.0106818043,0.0065108141,-0.0122009633,-0.0084768476,-0.0092009464,-0.0190289338,-0.2,-0.2,-0.0666666667,-0.6,0.6,0.6,0.5333333333,0.8,0.4,0.4,0.4666666667,0.2,-0.4053680721,-0.5401778041,-0.3499512685,-0.5877964533,-0.7989615009,-0.5493767535,-0.4245703987,-0.9825689488,0.3,0,0.0666666667,0,0.8,0.9,0.9333333333,0.6,-0.5,-0.9,-0.8666666667,-0.6,1.0318509711,1.0737123464,1.1231328445,0.9919936583,1.1115140706,1.2047760602,1.2997423702,1.0853745541,0.919718589,0.919718589,0.919718589,0.919718589,1,1.0322433611,1.0444510503,0.9731074118,1.0914387634,1.1214823623,1.1929845422,1.0218985335,0.3,0.15,0.1,0.6,0.0230533636,0.0068177057,0.0102808783,0.0460642093,-0.0484003281,-0.1581581582,-0.1469578889,-0.0837781893,0.4169028936,0.6448854068,0.8008628822,0.394590963,0.4185782186,0.2816323693,0.2112536504,0.4846273478,0.0542754757,0.060867985,0.0889902938,0.0428406337,-0.1465357275,-0.2580434428,-0.1372716219,-0.3651471985,0.5732678638,0.6290217214,0.5686358109,0.6825735992,0.4267321362,0.3709782786,0.4313641891,0.3174264008,0.8035476191,0.7314137041,0.6808498231,1.049914082,0.373742686,0.3319322657,0.2881664595,0.1847805614,0.1170885467,0.0655178922,0.032178542,0.4666649929,0.4414557266,0.4672410539,0.483910729,0.2666675035,0.5585442734,0.5327589461,0.516089271,0.7333324965,0.871406338,0.8617911578,0.7918264108,0.4486530934
2026-07-31T04:00:00Z,504.51,-0.0001783591,-0.000178375,0.0437772493,-0.0421120583,0.0110311568,0.0060946667,-0.0139243418,-0.0087797316,-0.0095498184,-0.0017264276,-0.2,-0.2,-0.1333333333,-0.6,0.6,0.6,0.5666666667,0.8,0.4,0.4,0.4333333333,0.2,-0.3913376285,-0.4835475458,-0.3389841026,-0.8048806816,-0.8430421097,-0.6829794146,-0.4539052198,-0.7013882627,0.2,0,0.0333333333,0,0.7,0.85,0.9,0.4,-0.5,-0.85,-0.8666666667,-0.4,1.0287922935,1.0678197657,1.1170545017,0.9832431468,1.1117123546,1.1850508414,1.2999742324,1.0583140077,0.9198826584,0.9198826584,0.9198826584,0.9198826584,1,1.0220808309,1.0393054647,0.9732810053,1.0916334661,1.1145071455,1.1931973598,1.0001783909,0.3,0.15,0.1,0.6,0.0338672447,0.0155876848,0.0214178646,0.0202097084,-0.0314089888,-0.108482064,-0.1585048537,-0.0427300154,0.5263524025,0.6695195716,0.8282855682,0.0048942436,0.4176482744,0.3021378382,0.2107843137,0.5787514318,0.0551268714,0.0618721813,0.0908226746,0.0348996107,-0.0986493005,-0.1838189059,-0.1519629008,-0.2191940821,0.5493246503,0.5919094529,0.5759814504,0.6095970411,0.4506753497,0.4080905471,0.4240185496,0.3904029589,0.6038856894,0.5451204091,0.5284543989,0.8476111051,0.2870032985,0.2502966619,0.2281457334,0.1447592662,0.0331249113,0.0102432502,0.1181411967,0.3719253586,0.4834375444,0.4948783749,0.4409294017,0.3140373207,0.5165624556,0.5051216251,0.5590705983,0.6859626793,0.9836122907,0.9323393341,0.8040891909,0.7001739407
